# name	pascal_name	categories	tags
acorn	Acorn	finance,nature	savings,nut,vegetable,veggies,food,groceries,market
address-book	AddressBook	communication	contacts,directory,roledex
address-book-tabs	AddressBookTabs	communication	contacts,directory,roledex
air-traffic-control	AirTrafficControl	map	airport,travel,transportation,buildings
airplane	Airplane	map,objects	vehicles,airports,flights,flying,planes,transit,transportation,traveling
airplane-in-flight	AirplaneInFlight	map,objects	vehicles,airports,flights,flying,planes,transit,transportation,traveling,arrival
airplane-landing	AirplaneLanding	map,objects	vehicles,airports,flights,flying,planes,transit,transportation,traveling,arrival
airplane-takeoff	AirplaneTakeoff	map,objects	vehicles,airports,flights,flying,planes,transit,transportation,traveling,departure
airplane-taxiing	AirplaneTaxiing	map,objects	vehicles,airports,flights,flying,planes,transit,transportation,traveling,arrival
airplane-tilt	AirplaneTilt	map,objects	vehicles,airports,flights,flying,planes,transit,transportation,traveling,departure
airplay	Airplay	media,system	apple,screencasting,television,tv
alarm	Alarm	system	times,timer,clock,schedule,events,watch
alien	Alien	games	ufo,space,flying saucer,extra terrestrial,sci-fi
align-bottom	AlignBottom	design,editor	alignment,arrangement,layout,flush bottom
align-bottom-simple	AlignBottomSimple	design,editor	alignment,arrangement,layout,flush bottom
align-center-horizontal	AlignCenterHorizontal	design,editor	alignment,arrangement,layout,centered,middle
align-center-horizontal-simple	AlignCenterHorizontalSimple	design,editor	alignment,arrangement,layout,centered,middle
align-center-vertical	AlignCenterVertical	design,editor	alignment,arrangement,layout,centered,middle
align-center-vertical-simple	AlignCenterVerticalSimple	design,editor	alignment,arrangement,layout,centered,middle
align-left	AlignLeft	design,editor	alignment,arrangement,layout,flush left
align-left-simple	AlignLeftSimple	design,editor	alignment,arrangement,layout,flush left
align-right	AlignRight	design,editor	alignment,arrangement,layout,flush right
align-right-simple	AlignRightSimple	design,editor	alignment,arrangement,layout,flush right
align-top	AlignTop	design,editor	alignment,arrangement,layout,flush top
align-top-simple	AlignTopSimple	design,editor	alignment,arrangement,layout,flush top
amazon-logo	AmazonLogo	brand	ecommerce,shopping,logos
ambulance	Ambulance	health,map,objects	first-aid,emt,medical,medicine,injury,safety,emergency,doctor,vehicles
anchor	Anchor	communication,map,objects,	nautical,boats,ships,hope,safety,insurance
anchor-simple	AnchorSimple	communication,map,objects,	nautical,boats,ships,hope,safety,insurance
android-logo	AndroidLogo	brand,development,system,	logos,google,mobile,phone,cellular,cellphone
angle	Angle	design,objects	geometry,trigonometry,degrees,radians,measurement,protractor,compass,arc
angular-logo	AngularLogo	brand,development	framework,javascript,google,web
aperture	Aperture	design,media	photography,cameras,pictures,lens
app-store-logo	AppStoreLogo	brand	macintosh,imac,iphone,ipad,macos,ios
app-window	AppWindow	communication,system	windows,software,programs,applications
apple-logo	AppleLogo	brand	macintosh,imac,iphone,ipad,macos,ios
apple-podcasts-logo	ApplePodcastsLogo	brand,media	macintosh,imac,iphone,ipad,macos,ios
approximate-equals	ApproximateEquals	finance,development	≈,is approximately equal to,congruent,equality,equivalent,equivalence,comparison,mathematics,arithmetic,calculator
archive	Archive	office,system	saved,saving,archived,archiving,archival,downloaded,downloading
armchair	Armchair	objects,commerce	seat,furniture
arrow-arc-left	ArrowArcLeft	arrows	directional,pointer,pointing,arrowhead
arrow-arc-right	ArrowArcRight	arrows	directional,pointer,pointing,arrowhead
arrow-bend-double-up-left	ArrowBendDoubleUpLeft	arrows	directional,pointer,pointing,arrowhead,reply-all
arrow-bend-double-up-right	ArrowBendDoubleUpRight	arrows	directional,pointer,pointing,arrowhead
arrow-bend-down-left	ArrowBendDownLeft	arrows	directional,pointer,pointing,arrowhead
arrow-bend-down-right	ArrowBendDownRight	arrows	directional,pointer,pointing,arrowhead
arrow-bend-left-down	ArrowBendLeftDown	arrows	directional,pointer,pointing,arrowhead
arrow-bend-left-up	ArrowBendLeftUp	arrows	directional,pointer,pointing,arrowhead
arrow-bend-right-down	ArrowBendRightDown	arrows	directional,pointer,pointing,arrowhead
arrow-bend-right-up	ArrowBendRightUp	arrows	directional,pointer,pointing,arrowhead
arrow-bend-up-left	ArrowBendUpLeft	arrows	directional,pointer,pointing,arrowhead,reply,re
arrow-bend-up-right	ArrowBendUpRight	arrows	directional,pointer,pointing,arrowhead,forward,fwd
arrow-circle-down	ArrowCircleDown	arrows	directional,pointer,pointing,arrowhead
arrow-circle-down-left	ArrowCircleDownLeft	arrows	directional,pointer,pointing,arrowhead
arrow-circle-down-right	ArrowCircleDownRight	arrows	directional,pointer,pointing,arrowhead
arrow-circle-left	ArrowCircleLeft	arrows	directional,pointer,pointing,arrowhead
arrow-circle-right	ArrowCircleRight	arrows	directional,pointer,pointing,arrowhead
arrow-circle-up	ArrowCircleUp	arrows	directional,pointer,pointing,arrowhead
arrow-circle-up-left	ArrowCircleUpLeft	arrows	directional,pointer,pointing,arrowhead
arrow-circle-up-right	ArrowCircleUpRight	arrows	directional,pointer,pointing,arrowhead
arrow-clockwise	ArrowClockwise	arrows	directional,pointer,pointing,arrowhead,redo,refreshing,rotate,spin,flip
arrow-counter-clockwise	ArrowCounterClockwise	arrows	directional,pointer,pointing,arrowhead,undo,refreshing,rotate,spin,flip
arrow-down	ArrowDown	arrows	directional,pointer,pointing,arrowhead
arrow-down-left	ArrowDownLeft	arrows	directional,pointer,pointing,arrowhead
arrow-down-right	ArrowDownRight	arrows	directional,pointer,pointing,arrowhead
arrow-elbow-down-left	ArrowElbowDownLeft	arrows	directional,pointer,pointing,arrowhead
arrow-elbow-down-right	ArrowElbowDownRight	arrows	directional,pointer,pointing,arrowhead
arrow-elbow-left	ArrowElbowLeft	arrows	directional,pointer,pointing,arrowhead
arrow-elbow-left-down	ArrowElbowLeftDown	arrows	directional,pointer,pointing,arrowhead
arrow-elbow-left-up	ArrowElbowLeftUp	arrows	directional,pointer,pointing,arrowhead
arrow-elbow-right	ArrowElbowRight	arrows	directional,pointer,pointing,arrowhead
arrow-elbow-right-down	ArrowElbowRightDown	arrows	directional,pointer,pointing,arrowhead
arrow-elbow-right-up	ArrowElbowRightUp	arrows	directional,pointer,pointing,arrowhead
arrow-elbow-up-left	ArrowElbowUpLeft	arrows	directional,pointer,pointing,arrowhead
arrow-elbow-up-right	ArrowElbowUpRight	arrows	directional,pointer,pointing,arrowhead
arrow-fat-down	ArrowFatDown	arrows	directional,pointer,pointing,arrowhead,outlined
arrow-fat-left	ArrowFatLeft	arrows	directional,pointer,pointing,arrowhead,outlined
arrow-fat-line-down	ArrowFatLineDown	arrows	directional,pointer,pointing,arrowhead,outlined
arrow-fat-line-left	ArrowFatLineLeft	arrows	directional,pointer,pointing,arrowhead,outlined
arrow-fat-line-right	ArrowFatLineRight	arrows	directional,pointer,pointing,arrowhead,outlined
arrow-fat-line-up	ArrowFatLineUp	arrows	directional,pointer,pointing,arrowhead,caps lock,outlined
arrow-fat-lines-down	ArrowFatLinesDown	arrows	directional,pointer,pointing,arrowhead,outlined
arrow-fat-lines-left	ArrowFatLinesLeft	arrows	directional,pointer,pointing,arrowhead,outlined
arrow-fat-lines-right	ArrowFatLinesRight	arrows	directional,pointer,pointing,arrowhead,outlined
arrow-fat-lines-up	ArrowFatLinesUp	arrows	directional,pointer,pointing,arrowhead,outlined
arrow-fat-right	ArrowFatRight	arrows	directional,pointer,pointing,arrowhead,outlined
arrow-fat-up	ArrowFatUp	arrows	directional,pointer,pointing,arrowhead,shift,outlined
arrow-left	ArrowLeft	arrows	directional,pointer,pointing,arrowhead
arrow-line-down	ArrowLineDown	arrows	directional,pointer,pointing,arrowhead,bottom
arrow-line-down-left	ArrowLineDownLeft	arrows	directional,pointer,pointing,arrowhead
arrow-line-down-right	ArrowLineDownRight	arrows	directional,pointer,pointing,arrowhead
arrow-line-left	ArrowLineLeft	arrows	directional,pointer,pointing,arrowhead
arrow-line-right	ArrowLineRight	arrows	directional,pointer,pointing,arrowhead
arrow-line-up	ArrowLineUp	arrows	directional,pointer,pointing,arrowhead,top
arrow-line-up-left	ArrowLineUpLeft	arrows	directional,pointer,pointing,arrowhead
arrow-line-up-right	ArrowLineUpRight	arrows	directional,pointer,pointing,arrowhead
arrow-right	ArrowRight	arrows	directional,pointer,pointing,arrowhead
arrow-square-down	ArrowSquareDown	arrows	directional,pointer,pointing,arrowhead
arrow-square-down-left	ArrowSquareDownLeft	arrows	directional,pointer,pointing,arrowhead
arrow-square-down-right	ArrowSquareDownRight	arrows	directional,pointer,pointing,arrowhead
arrow-square-in	ArrowSquareIn	arrows	import,directional,pointer,pointing,arrowhead
arrow-square-left	ArrowSquareLeft	arrows	directional,pointer,pointing,arrowhead
arrow-square-out	ArrowSquareOut	arrows	export,external,directional,pointer,pointing,arrowhead
arrow-square-right	ArrowSquareRight	arrows	directional,pointer,pointing,arrowhead
arrow-square-up	ArrowSquareUp	arrows	directional,pointer,pointing,arrowhead
arrow-square-up-left	ArrowSquareUpLeft	arrows	directional,pointer,pointing,arrowhead
arrow-square-up-right	ArrowSquareUpRight	arrows	directional,pointer,pointing,arrowhead
arrow-u-down-left	ArrowUDownLeft	arrows	directional,pointer,pointing,arrowhead,undo,return,u-turns
arrow-u-down-right	ArrowUDownRight	arrows	directional,pointer,pointing,arrowhead,redo,u-turns
arrow-u-left-down	ArrowULeftDown	arrows	directional,pointer,pointing,arrowhead,undo,return,u-turns
arrow-u-left-up	ArrowULeftUp	arrows	directional,pointer,pointing,arrowhead,redo,u-turns
arrow-u-right-down	ArrowURightDown	arrows	directional,pointer,pointing,arrowhead,undo,return,u-turns
arrow-u-right-up	ArrowURightUp	arrows	directional,pointer,pointing,arrowhead,redo,u-turns
arrow-u-up-left	ArrowUUpLeft	arrows	directional,pointer,pointing,arrowhead,undo,return,u-turns
arrow-u-up-right	ArrowUUpRight	arrows	directional,pointer,pointing,arrowhead,redo,u-turns
arrow-up	ArrowUp	arrows	directional,pointer,pointing,arrowhead
arrow-up-left	ArrowUpLeft	arrows	directional,pointer,pointing,arrowhead
arrow-up-right	ArrowUpRight	arrows	directional,pointer,pointing,arrowhead
arrows-clockwise	ArrowsClockwise	arrows	directional,pointer,pointing,arrowhead,redo,refreshing,sync,synchronize,rotate,spin,flip
arrows-counter-clockwise	ArrowsCounterClockwise	arrows	directional,pointer,pointing,arrowhead,undo,refreshing,rotate,spin,flip
arrows-down-up	ArrowsDownUp	arrows	directional,pointer,pointing,arrowhead
arrows-horizontal	ArrowsHorizontal	arrows	directional,pointer,cursor,resize,expand,left,right
arrows-in	ArrowsIn	arrows	directional,pointer,pointing,arrowhead,collapse,minimize,resize,shrink
arrows-in-cardinal	ArrowsInCardinal	arrows	directional,pointer,pointing,arrowhead,collapse,minimize,resize,shrink
arrows-in-line-horizontal	ArrowsInLineHorizontal	arrows,design,editor	directional,pointer,pointing,arrowhead,close,center,align
arrows-in-line-vertical	ArrowsInLineVertical	arrows,design,editor	directional,pointer,pointing,arrowhead,close,center,align
arrows-in-simple	ArrowsInSimple	arrows	directional,pointer,pointing,arrowhead,collapse,minimize,resize
arrows-left-right	ArrowsLeftRight	arrows	directional,pointer,pointing,arrowhead
arrows-merge	ArrowsMerge	arrows	arrowheads,join,combine
arrows-out	ArrowsOut	arrows	directional,pointer,pointing,arrowhead,expand,fullscreen,resize,grow
arrows-out-cardinal	ArrowsOutCardinal	arrows	directional,pointer,pointing,arrowhead,expand,fullscreen,resize,pan,move,grow
arrows-out-line-horizontal	ArrowsOutLineHorizontal	arrows,design,editor	directional,pointer,pointing,arrowhead,open,split
arrows-out-line-vertical	ArrowsOutLineVertical	arrows,design,editor	directional,pointer,pointing,arrowhead,open,split
arrows-out-simple	ArrowsOutSimple	arrows	directional,pointer,pointing,arrowhead,expand,fullscreen,resize
arrows-split	ArrowsSplit	arrows	arrowheads,fork
arrows-vertical	ArrowsVertical	arrows	directional,pointer,cursor,resize,expand,up,down
article	Article	media,objects	reading,writing,journals,periodicals,text,newspaper
article-medium	ArticleMedium	media,objects	reading,writing,journals,periodicals,text,newspaper
article-ny-times	ArticleNyTimes	media,objects	reading,writing,journals,periodicals,text,news,newspaper,nyt,new york times
asclepius	Asclepius	health	caduceus,staff,mythology,rx,medicine,drugs,pharmacy,pharmacist,pharmaceuticals,doctor,hospital,snake,mercury,hermes,alias:caduceus
asterisk	Asterisk	communication	star,wildcard,bullet point,6,emergency
asterisk-simple	AsteriskSimple	communication	star,wildcard,bullet point,5,emergency
at	At	communication	@,address,email,at symbol,commercial at,arobase
atom	Atom	development,nature	atomic,nucleus,nuclear,reactor,science,physics,electron,automation,react
avocado	Avocado	commerce,nature	food,vegetable,veggie,fruit,groceries,market
axe	Axe	commerce,objects	tools,carpentry,forestry,construction
baby	Baby	people,health	infant,child,children,toddler
baby-carriage	BabyCarriage	commerce,people	pram,stroller,infant,child,children,toddler
backpack	Backpack	commerce,objects	knapsack,camping,school,bag
backspace	Backspace	system	keyboard,remove,delete
bag	Bag	commerce,objects	suitcase,valise,baggage,folders,portfolio
bag-simple	BagSimple	commerce,objects	suitcase,valise,baggage,folders,portfolio
balloon	Balloon	commerce,objects	helium,birthday,party
bandaids	Bandaids	health	bandages,medical,medicine,first aid,injury
bank	Bank	finance,map	banking,checking,money,savings,deposit,withdraw,places,locations
barbell	Barbell	health	gym,weights,dumbbells,strength training,workout,exercises,fitness
barcode	Barcode	commerce,system	upc,qr,products,shopping,scanner
barn	Barn	commerce,map	animals,livestock,buildings,farming,agriculture
barricade	Barricade	map,objects	construction,safety,gate
baseball	Baseball	games,health,objects	sports,mlb
baseball-cap	BaseballCap	commerce,objects	clothes,clothing,sports,hat
baseball-helmet	BaseballHelmet	games,health,objects	sports,mlb
basket	Basket	commerce,objects	ecommerce,market,cart,buying,shopping,groceries,checkout,places,locations
basketball	Basketball	games,health,objects	sports,nba
bathtub	Bathtub	objects	bath,shower,bathroom,faucet
battery-charging	BatteryCharging	system	charged,charger,charging,power
battery-charging-vertical	BatteryChargingVertical	system	charged,charger,charging,power
battery-empty	BatteryEmpty	system	charged,charger,charging,power,dead
battery-full	BatteryFull	system	charged,charger,charging,power,filled
battery-high	BatteryHigh	system	charged,charger,charging,power
battery-low	BatteryLow	system	charged,charger,charging,power
battery-medium	BatteryMedium	system	charged,charger,charging,power
battery-plus	BatteryPlus	system	charged,charger,charging,power
battery-plus-vertical	BatteryPlusVertical	system	charged,charger,charging,power
battery-vertical-empty	BatteryVerticalEmpty	system	charged,charger,charging,power,dead
battery-vertical-full	BatteryVerticalFull	system	charged,charger,charging,power
battery-vertical-high	BatteryVerticalHigh	system	charged,charger,charging,power
battery-vertical-low	BatteryVerticalLow	system	charged,charger,charging,power
battery-vertical-medium	BatteryVerticalMedium	system	charged,charger,charging,power
battery-warning	BatteryWarning	system	charged,charger,charging,power,empty,critical
battery-warning-vertical	BatteryWarningVertical	system	charged,charger,charging,power,empty,critical
beach-ball	BeachBall	games,health,objects	sports,ocean,party
beanie	Beanie	commerce,objects	clothes,clothing,sports,hat,winter
bed	Bed	health,map,objects	hotels,accommodations,sleeping,places,locations,medical,hospital
beer-bottle	BeerBottle	commerce,map,objects	drinks,beverages,places,locations,bars,restaurants,food,dining
beer-stein	BeerStein	commerce,map,objects	drinks,beverages,places,locations,bars,restaurants,food,dining
behance-logo	BehanceLogo	brand,design	logos,illustration,ui,interface
bell	Bell	system,objects	alarm,notifications,times,timer,clock,schedule,events,ringer,calls
bell-ringing	BellRinging	system	alarm,notifications,times,timer,clock,schedule,events,ringer,calls
bell-simple	BellSimple	system,objects	alarm,notifications,times,timer,clock,schedule,events,ringer,calls
bell-simple-ringing	BellSimpleRinging	system	alarm,notifications,times,timer,clock,schedule,events,ringer,calls
bell-simple-slash	BellSimpleSlash	system	alarm,notifications,times,timer,clock,schedule,events,ringer,silent,silenced,disabled
bell-simple-z	BellSimpleZ	system	alarm,notifications,times,timer,clock,schedule,events,ringer,snooze
bell-slash	BellSlash	system	alarm,notifications,times,timer,clock,schedule,events,silent,silenced,ringer,calls,disabled
bell-z	BellZ	system	alarm,notifications,times,timer,clock,schedule,events,ringer,snooze
belt	Belt	commerce,objects	clothes,clothing
bezier-curve	BezierCurve	design	shapes,drawing,path,pen,vector
bicycle	Bicycle	health,map,objects	bikers,bicycling,cyclists,transit,transportation,commuter,exercises,fitness
binary	Binary	development,system	digital,0,1,programming,coding,executable
binoculars	Binoculars	nature,objects,map	telescope,glasses,search,find,explore
biohazard	Biohazard	health	contamination,quarantine,toxic,poison,danger,caution
bird	Bird	nature	animals,pets
blueprint	Blueprint	commerce,design	architecture,layout,floorplan,building,construction
bluetooth	Bluetooth	system	wireless,connection,connected,connectivity
bluetooth-connected	BluetoothConnected	system	wireless,connection,connected,connectivity
bluetooth-slash	BluetoothSlash	system	wireless,connection,connectivity,disconnected,disabled
bluetooth-x	BluetoothX	system	wireless,connection,connectivity,disconnected,errors
boat	Boat	map,objects	ferry,ship,cruise,vehicles,public transit,transportation,commuter,traveling,sailing,places,locations
bomb	Bomb	games,objects	gaming,grenade,explosive,war,weapon,fuse
bone	Bone	nature,health	dogbone
book	Book	office,media,objects	reading,reader,novel,story,library
book-bookmark	BookBookmark	office,media,objects	reading,reader,novel,story,library,favorites,favorited
book-open	BookOpen	office,media,objects	reading,reader,novel,story,library
book-open-text	BookOpenText	office,media,objects,map,	reading,reader,novel,story,library
book-open-user	BookOpenUser	office,media,objects	reading,reader,easy read,library,places,locations
bookmark	Bookmark	office,media,objects	reading,reader,novel,story,placeholder,favorites,favorited,library
bookmark-simple	BookmarkSimple	office,media,objects	reading,reader,novel,story,placeholder,favorites,favorited,library
bookmarks	Bookmarks	office,objects	reading,reader,novel,story,placeholder,favorites,favorited,library
bookmarks-simple	BookmarksSimple	office,objects	reading,reader,novel,story,placeholder,favorites,favorited,library
books	Books	office,map,media,objects,	reading,reader,bookshelf,library,places,locations
boot	Boot	commerce,objects,health,	hiking,shoes,sports,exercise
boules	Boules	games,health,objects	balls,sports,pétanque,raffa,bocce,boule lyonnaise,lawn bowls
bounding-box	BoundingBox	design	polygon,shapes,outline,corners,rectangle
bowl-food	BowlFood	commerce,map,objects	ramen,food,meal,eating,restaurants,dining,locations
bowl-steam	BowlSteam	commerce,objects,map	food,meal,eating,restaurants,dining,locations
bowling-ball	BowlingBall	games,health,objects	sports,alley
box-arrow-down	BoxArrowDown	office,system	saved,saving,archived,archiving,archival,downloaded,downloading,alias:archive-box
box-arrow-up	BoxArrowUp	office,system	unarchive,archival,upload
boxing-glove	BoxingGlove	games,health,objects	sports,combat,martial arts,fight,gym
brackets-angle	BracketsAngle	development,editor	code,angle brackets,angle braces
brackets-curly	BracketsCurly	development,editor	code,curly brackets,curly braces
brackets-round	BracketsRound	development,editor	code,parentheses,round brackets,round braces
brackets-square	BracketsSquare	development,editor	code,square brackets,square braces,array
brain	Brain	health,nature	mind,mental
brandy	Brandy	commerce,map,objects	drinks,beverages,whiskey,cocktail,places,locations,bars,restaurants,food,dining
bread	Bread	commerce,map	food,meal,bakery,sandwich,gluten,loaf,toast,slice
bridge	Bridge	map,objects	travel,transportation,infrastucture
briefcase	Briefcase	office,objects	suitcase,valise,baggage,folders,portfolio
briefcase-metal	BriefcaseMetal	office,objects	suitcase,valise,baggage,folders,portfolio
broadcast	Broadcast	communication,media,system,	radio,hotspot,wifi,emit
broom	Broom	objects	sweeping,cleaning
browser	Browser	communication,system	web browsers,windows,internet,website,webpage,chrome,edge,firefox
browsers	Browsers	communication,system	web browsers,windows,internet,website,webpage,chrome,edge,firefox
bug	Bug	development,nature	debug,errors,insect,ladybug
bug-beetle	BugBeetle	development,nature	debug,errors,insect,ladybug
bug-droid	BugDroid	development,nature	debug,errors,insect,android,google
building	Building	commerce,map	places,locations,company,business,buildings
building-apartment	BuildingApartment	commerce,map	places,locations,buildings
building-office	BuildingOffice	commerce,map	places,locations,company,business,buildings
buildings	Buildings	commerce,map	places,locations,company,business
bulldozer	Bulldozer	commerce,objects	vehicles,construction,earth mover,dig,digger
bus	Bus	map,objects	vehicles,automobile,public transit,transportation,commuter,traveling,places,locations
butterfly	Butterfly	nature	animals,insects,moth
cable-car	CableCar	map,objects	vehicles,gondola,skiing,mountains,public transit,transportation,commuter,traveling,places,locations
cactus	Cactus	nature	plants,cacti,desert,western
cake	Cake	objects	dessert,birthday,celebration,event
calculator	Calculator	development,finance,office,objects,	addition,sum,subtraction,difference,multiply,multiplication,product,divide,division,divisor,dividend,quotient,equals,equality,mathematics,arithmetic,+,-,±,×,÷,=
calendar	Calendar	office,system	dates,times,events,schedule,12
calendar-blank	CalendarBlank	office,system	dates,times,events,schedule,none
calendar-check	CalendarCheck	office,system	dates,times,events,schedule,todo,checklist
calendar-dot	CalendarDot	office,system	dates,times,events,schedule,today
calendar-dots	CalendarDots	office,system	dates,times,events,schedule
calendar-heart	CalendarHeart	office,system	dates,times,events,schedule,favorite,star
calendar-minus	CalendarMinus	office,system	dates,times,events,schedule,remove,delete
calendar-plus	CalendarPlus	office,system	dates,times,events,schedule,add
calendar-slash	CalendarSlash	office,system	dates,times,events,schedule,remove,delete,cancel. unavailable
calendar-star	CalendarStar	office,system	dates,times,events,schedule,favorite,star
calendar-x	CalendarX	office,system	dates,times,events,schedule,closed,cancelled
call-bell	CallBell	map,objects	service bell,reception,attendant,concierge bell
camera	Camera	media,system,objects	photography,pictures,lens
camera-plus	CameraPlus	media,system	photography,pictures,album,add
camera-rotate	CameraRotate	media,system	photography,pictures,orientation,portrait,landscape,selfie,flip
camera-slash	CameraSlash	media,system	photography,pictures,lens,disabled
campfire	Campfire	nature	camping,flame,bonfire,outdoors
car	Car	map,objects	cars,vehicles,automobile,transit,transportation,traveling
car-battery	CarBattery	commerce,objects	charged,charger,charging,power,voltage,electricity
car-profile	CarProfile	map,objects	cars,vehicles,automobile,transit,transportation,traveling
car-simple	CarSimple	map,objects	cars,vehicles,automobile,transit,transportation,traveling
cardholder	Cardholder	commerce,finance,objects,	wallet,money,payment,paying,purchase
cards	Cards	design,system	card,slides,slideshow,windows,website,webpage,layers
cards-three	CardsThree	design,system	card,slides,slideshow,windows,website,webpage,layers,stack
caret-circle-double-down	CaretCircleDoubleDown	arrows	chevron,directional,pointer,pointing,arrowhead,triangle
caret-circle-double-left	CaretCircleDoubleLeft	arrows	chevron,directional,pointer,pointing,arrowhead,triangle
caret-circle-double-right	CaretCircleDoubleRight	arrows	chevron,directional,pointer,pointing,arrowhead,triangle
caret-circle-double-up	CaretCircleDoubleUp	arrows	chevron,directional,pointer,pointing,arrowhead,triangle
caret-circle-down	CaretCircleDown	arrows	chevron,directional,pointer,pointing,arrowhead,triangle
caret-circle-left	CaretCircleLeft	arrows	chevron,directional,pointer,pointing,arrowhead,triangle
caret-circle-right	CaretCircleRight	arrows	chevron,directional,pointer,pointing,arrowhead,triangle
caret-circle-up	CaretCircleUp	arrows	chevron,directional,pointer,pointing,arrowhead,triangle
caret-circle-up-down	CaretCircleUpDown	arrows	chevron,directional,pointer,pointing,arrowhead,triangle
caret-double-down	CaretDoubleDown	arrows	chevron,directional,pointer,pointing,arrowhead,triangle
caret-double-left	CaretDoubleLeft	arrows	chevron,directional,pointer,pointing,arrowhead,triangle
caret-double-right	CaretDoubleRight	arrows	chevron,directional,pointer,pointing,arrowhead,triangle
caret-double-up	CaretDoubleUp	arrows	chevron,directional,pointer,pointing,arrowhead,triangle
caret-down	CaretDown	arrows	chevron,directional,pointer,pointing,arrowhead,triangle
caret-left	CaretLeft	arrows	chevron,directional,pointer,pointing,arrowhead,triangle
caret-line-down	CaretLineDown	arrows	chevron,directional,pointer,pointing,arrowhead,triangle
caret-line-left	CaretLineLeft	arrows	chevron,directional,pointer,pointing,arrowhead,triangle
caret-line-right	CaretLineRight	arrows	chevron,directional,pointer,pointing,arrowhead,triangle
caret-line-up	CaretLineUp	arrows	chevron,directional,pointer,pointing,arrowhead,triangle
caret-right	CaretRight	arrows	chevron,directional,pointer,pointing,arrowhead,triangle
caret-up	CaretUp	arrows	chevron,directional,pointer,pointing,arrowhead,triangle
caret-up-down	CaretUpDown	arrows	chevron,directional,pointer,pointing,arrowhead,triangle
carrot	Carrot	commerce,nature	food,vegetable,veggie,groceries,market
cash-register	CashRegister	commerce,objects	retail,point-of-sale,pos,transaction,sales,till
cassette-tape	CassetteTape	media,objects	recording,audio,album,music
castle-turret	CastleTurret	map,objects,games	chess,rook
cat	Cat	nature	pets,animals,kitty,kitten
cell-signal-full	CellSignalFull	system	wireless,cellular,phone,mobile,network,connection,connectivity,reception,service
cell-signal-high	CellSignalHigh	system	wireless,cellular,phone,mobile,network,connection,connectivity,reception,service
cell-signal-low	CellSignalLow	system	wireless,cellular,phone,mobile,network,connection,connectivity,reception,service
cell-signal-medium	CellSignalMedium	system	wireless,cellular,phone,mobile,network,connection,connectivity,reception,service
cell-signal-none	CellSignalNone	system	wireless,cellular,phone,mobile,network,connection,connectivity,reception,service
cell-signal-slash	CellSignalSlash	system	wireless,cellular,phone,mobile,network,connection,connectivity,disconnected,disabled,reception,service
cell-signal-x	CellSignalX	system	wireless,cellular,phone,mobile,network,connection,connectivity,reception,disconnected,errors,service
cell-tower	CellTower	system	wireless,cellular,broadcast,phone,mobile,network,connection,connectivity
certificate	Certificate	objects	awards,certification,degree,diploma
chair	Chair	objects,commerce	seat,furniture
chalkboard	Chalkboard	map,objects	blackboard,whiteboard,classroom,teacher,education,school,college,university
chalkboard-simple	ChalkboardSimple	map,objects	blackboard,whiteboard,classroom,teacher,education,school,college,university
chalkboard-teacher	ChalkboardTeacher	map,objects,people	blackboard,whiteboard,classroom,education,school,college,university
champagne	Champagne	map,commerce,objects	glass,drinks,beverages,wine,places,locations,bars,restaurants,food,dining
charging-station	ChargingStation	map,objects	ev,charge,fuel,pump
chart-bar	ChartBar	finance,office	graphs,graphing,charts,statistics,histogram,analyze,analysis
chart-bar-horizontal	ChartBarHorizontal	finance,office	graphs,graphing,charts,statistics,histogram,analyze,analysis
chart-donut	ChartDonut	finance,office	graphs,graphing,charts,statistics,analyze,analysis,circle
chart-line	ChartLine	finance,office	graphs,graphing,charts,statistics,analyze,analysis,stocks
chart-line-down	ChartLineDown	finance,office	graphs,graphing,charts,statistics,analyze,analysis,stocks
chart-line-up	ChartLineUp	finance,office	graphs,graphing,charts,statistics,analyze,analysis,stocks
chart-pie	ChartPie	finance,office	graphs,graphing,charts,statistics,circle,analyze,analysis
chart-pie-slice	ChartPieSlice	finance,office	graphs,graphing,charts,statistics,circle,analyze,analysis
chart-polar	ChartPolar	finance,office	graphs,graphing,charts,statistics,analyze,analysis,circle
chart-scatter	ChartScatter	finance,office	graphs,graphing,charts,statistics,analyze,analysis
chat	Chat	communication	send,sent,messages,messaging,sms,texting,comment,square,bubble
chat-centered	ChatCentered	communication	send,sent,messages,messaging,sms,texting,comment,square,bubble
chat-centered-dots	ChatCenteredDots	communication	send,sent,messages,messaging,sms,texting,comment,square,bubble
chat-centered-slash	ChatCenteredSlash	communication	messages,messaging,sms,texting,comment,square,bubble
chat-centered-text	ChatCenteredText	communication	send,sent,messages,messaging,sms,texting,comment,square,bubble
chat-circle	ChatCircle	communication	send,sent,messages,messaging,sms,texting,comment,round,bubble
chat-circle-dots	ChatCircleDots	communication	send,sent,messages,messaging,sms,texting,comment,round,bubble
chat-circle-slash	ChatCircleSlash	communication	messages,messaging,sms,texting,comment,round,bubble
chat-circle-text	ChatCircleText	communication	send,sent,messages,messaging,sms,texting,comment,round,bubble
chat-dots	ChatDots	communication	send,sent,messages,messaging,sms,texting,comment,square,bubble
chat-slash	ChatSlash	communication	messages,messaging,sms,texting,comment,square,bubble
chat-teardrop	ChatTeardrop	communication	send,sent,messages,messaging,sms,texting,comment,bubble
chat-teardrop-dots	ChatTeardropDots	communication	send,sent,messages,messaging,sms,texting,comment,bubble
chat-teardrop-slash	ChatTeardropSlash	communication	messages,messaging,sms,texting,comment,bubble
chat-teardrop-text	ChatTeardropText	communication	send,sent,messages,messaging,sms,texting,comment,bubble
chat-text	ChatText	communication	send,sent,messages,messaging,sms,texting,comment,square,bubble
chats	Chats	communication	send,sent,messages,messaging,sms,texting,comment,square,bubble
chats-circle	ChatsCircle	communication	send,sent,messages,messaging,sms,texting,comment,round,bubble
chats-teardrop	ChatsTeardrop	communication	send,sent,messages,messaging,sms,texting,comment,bubble
check	Check	system	todo,to-do,task,list,checkbox,ok,done
check-circle	CheckCircle	system	todo,to-do,task,list,checkbox,round,ok,done
check-fat	CheckFat	system	todo,to-do,task,list,checkbox,ok,done
check-square	CheckSquare	system	todo,to-do,task,list,checkbox,rectangle,ok,done
check-square-offset	CheckSquareOffset	system	todo,to-do,task,list,checkbox,rectangle,ok,done
checkerboard	Checkerboard	games	crossword
checks	Checks	system	todo,task,to-do,list,checkbox,ok,done
cheers	Cheers	commerce,map	glass,drinks,beverages,champagne,toast,places,locations,bars,restaurants,food,dining
cheese	Cheese	commerce	dairy,wedge,food,dining
chef-hat	ChefHat	commerce,objects	cooking,cuisine,kitchen,clothes,clothing
cherries	Cherries	nature,commerce	food,fruit,cherry,groceries,market
church	Church	map	christ,christianity,cathedral,religion,worship
cigarette	Cigarette	commerce,health	smoking,tobacco
cigarette-slash	CigaretteSlash	commerce,health	non-smoking,tobacco
circle	Circle	design	round,shapes,polygons
circle-dashed	CircleDashed	design	missing,round,shapes,polygons
circle-half	CircleHalf	design,editor	round,shapes,contrast,brightness
circle-half-tilt	CircleHalfTilt	design,editor	round,shapes,contrast,brightness
circle-notch	CircleNotch	system	round,shapes,loading,loader,spinner,waiting,progress
circles-four	CirclesFour	design	round,shapes,polygons,4
circles-three	CirclesThree	design	round,shapes,polygons,3,asana
circles-three-plus	CirclesThreePlus	design	round,shapes,polygons,3,+
circuitry	Circuitry	development	processor,microchip,computer,circuit,electronics,motherboard
city	City	map,commerce	skyline,skyscrapers,places,locations,buildings
clipboard	Clipboard	office,editor,system	copy,copied,checklist
clipboard-text	ClipboardText	office,editor,system	copy,copied,checklist
clock	Clock	system,objects	times,timer,alarm,schedule,events,watch
clock-afternoon	ClockAfternoon	system	times,timer,alarm,schedule,events,watch
clock-clockwise	ClockClockwise	system	times,timer,alarm,schedule,events,restore,fast forward,update
clock-countdown	ClockCountdown	system	times,timer,alarm,schedule,events,watch
clock-counter-clockwise	ClockCounterClockwise	system	times,timer,alarm,schedule,events,backup,rewind,history
clock-user	ClockUser	system	times,timer,shift,schedule,events,watch
closed-captioning	ClosedCaptioning	media	subtitles,television,tv,transcribed,transcription,accessibility,a11y
cloud	Cloud	system,weather	serverless,backup,storage,meteorology,cloudy,overcast
cloud-arrow-down	CloudArrowDown	system	serverless,backup,storage,download
cloud-arrow-up	CloudArrowUp	system	serverless,backup,storage,upload
cloud-check	CloudCheck	system	serverless,backup,storage,sync,synchronized
cloud-fog	CloudFog	weather	meteorology,cloudy,overcast,foggy,mist,haze
cloud-lightning	CloudLightning	weather	meteorology,cloudy,overcast,stormy,thunderstorm
cloud-moon	CloudMoon	weather	meteorology,cloudy,partly cloudy,night,evening
cloud-rain	CloudRain	weather	meteorology,cloudy,rainy,raining,stormy,rainstorm
cloud-slash	CloudSlash	system	serverless,backup,storage,sync,disabled
cloud-snow	CloudSnow	weather	meteorology,cloudy,snowy,snowing,stormy,snowstorm
cloud-sun	CloudSun	weather	meteorology,cloudy,partly cloudy,partly sunny
cloud-warning	CloudWarning	system	serverless,backup,storage,errors
cloud-x	CloudX	system	serverless,backup,storage,errors
clover	Clover	nature	four leaf clover,plants,luck,lucky,irish
club	Club	games	clubs,suits,cards,gambling,casino,gaming
coat-hanger	CoatHanger	commerce,objects	clothing,clothes,closet
coda-logo	CodaLogo	brand	project management,productivity,documentation,wiki,logos
code	Code	development,editor	angle brackets,angle braces,snippets
code-block	CodeBlock	development,editor	angle brackets,angle braces,snippets
code-simple	CodeSimple	development,editor	angle brackets,angle braces,snippets
codepen-logo	CodepenLogo	brand,development	ide,logos
codesandbox-logo	CodesandboxLogo	brand,development	ide,logos
coffee	Coffee	commerce,objects,map	tea,java,beverages,drinks,cafe,cup,mug,espresso,cappuccino,latte,places,locations,bars,restaurants,food,dining
coffee-bean	CoffeeBean	commerce,map,nature	tea,java,beverages,drinks,cafe,cup,mug,espresso,cappuccino,latte,places,locations,bars,restaurants,food,dining
coin	Coin	commerce,finance	coins,cents,change,money,currency,payment,paying,purchase,price,sell
coin-vertical	CoinVertical	commerce,finance	cents,change,money,currency,payment,paying,purchase,price,sell
coins	Coins	commerce,finance	cents,change,money,currency,payment,paying,purchase,price,sell
columns	Columns	design	2,shapes,polygons,box,stack,list,table,cards
columns-plus-left	ColumnsPlusLeft	design	2,shapes,polygons,box,stack,list,table,cards,prepend,insert
columns-plus-right	ColumnsPlusRight	design	2,shapes,polygons,box,stack,list,table,cards,append,insert
command	Command	editor,system	apple,keyboard,shortcut,modifier,looped square,bowen knot,saint john's arms
compass	Compass	map,objects	navigation,directions,maps,safari,apple
compass-rose	CompassRose	map,objects	navigation,directions,maps,cardinal,cartography
compass-tool	CompassTool	design,objects	drawing,geometry,trigonometry,degrees,radians,measurement,protractor,compass,arc
computer-tower	ComputerTower	development,objects	desktop,pc,imac
confetti	Confetti	communication	tada,party,emoji
contactless-payment	ContactlessPayment	commerce	purchase,credit card,nfc
control	Control	system	ctrl,key,keyboard,shortcut,caret
cookie	Cookie	map,objects,development,	privacy,dessert,food,dining
cooking-pot	CookingPot	objects,commerce	stew,kitchen,steaming,restaurants,food,dining
copy	Copy	editor,system	duplicated,copied,clipboard
copy-simple	CopySimple	editor,system	duplicated,copied,clipboard
copyleft	Copyleft	commerce,media	🄯,intellectual property,copr.,symbol
copyright	Copyright	commerce,media	©,intellectual property,copr.,symbol
corners-in	CornersIn	system	collapse,windowed,minimized
corners-out	CornersOut	system	expand,fullscreen,maximized
couch	Couch	objects,commerce	furniture,seat
court-basketball	CourtBasketball	games,health,map	sports,nba
cow	Cow	commerce,nature	animals,livestock,beef,bull,milk,dairy
cowboy-hat	CowboyHat	commerce,objects	clothes,clothing,stetson
cpu	Cpu	development	processor,microchip,computer,circuit
crane	Crane	commerce,development	construction,industry
crane-tower	CraneTower	commerce,development	construction,industry
credit-card	CreditCard	commerce,finance	debit,visa,mastercard,money,payment,paying,purchase,swipe
cricket	Cricket	games,health	sports,ball,bat
crop	Crop	design,editor	photography,clip,screenshots
cross	Cross	design,communication	dagger,crucifix,christ,christianity,religion,worship,symbol
crosshair	Crosshair	map,system	geolocation,gps,aiming,targeting
crosshair-simple	CrosshairSimple	map,system	geolocation,gps,aiming,targeting
crown	Crown	games,objects	king,queen,royalty,monarch,ruler,leader,chess
crown-cross	CrownCross	games,objects	king,queen,royalty,monarch,ruler,leader,chess
crown-simple	CrownSimple	games,objects	king,queen,royalty,monarch,ruler,leader,chess
cube	Cube	design,games,objects	square,box,3d,volume,blocks
cube-focus	CubeFocus	games,objects	augmented reality,ar,virual reality,vr,3d,scan
cube-transparent	CubeTransparent	design,games,objects	square,box,3d,volume,blocks,necker
currency-btc	CurrencyBtc	commerce,finance	money,btc,bitcoin,crypto,cryptocurrency,payment,paying,purchase
currency-circle-dollar	CurrencyCircleDollar	commerce,finance	money,usd,payment,paying,purchase
currency-cny	CurrencyCny	commerce,finance	money,yuan,payment,paying,purchase
currency-dollar	CurrencyDollar	commerce,finance	money,usd,payment,paying,purchase
currency-dollar-simple	CurrencyDollarSimple	commerce,finance	money,usd,payment,paying,purchase
currency-eth	CurrencyEth	commerce,finance	money,ethereum,crypto,cryptocurrency,payment,paying,purchase
currency-eur	CurrencyEur	commerce,finance	money,euros,payment,paying,purchase
currency-gbp	CurrencyGbp	commerce,finance	money,pounds sterling,payment,paying,purchase
currency-inr	CurrencyInr	commerce,finance	money,rupees,payment,paying,purchase
currency-jpy	CurrencyJpy	commerce,finance	money,yen,payment,paying,purchase
currency-krw	CurrencyKrw	commerce,finance	money,won,payment,paying,purchase
currency-kzt	CurrencyKzt	commerce,finance	money,kazakhstan,tenge,payment,paying,purchase
currency-ngn	CurrencyNgn	commerce,finance	money,nigeria,naira,payment,paying,purchase
currency-rub	CurrencyRub	commerce,finance	money,rubles,payment,paying,purchase
cursor	Cursor	design,system	pointer,arrowhead,mouse,click
cursor-click	CursorClick	design,system	pointer,arrowhead,mouse
cursor-text	CursorText	editor,system	i-beam,input,select
cylinder	Cylinder	design	shapes,tube
database	Database	development,system	saved,saving,archived,archiving,archival,hard disk,storage,hdd,servers,databases
desk	Desk	commerce,objects,office,	furniture,workspace,table
desktop	Desktop	development,objects	computer,pc,imac,tower
desktop-tower	DesktopTower	development,objects	computer,pc,imac
detective	Detective	people,system	incognito,police,law enforcement,spy,secret
dev-to-logo	DevToLogo	brand,development	reading,writing,social media,logos
device-mobile	DeviceMobile	objects	cellphone,cellular
device-mobile-camera	DeviceMobileCamera	objects	cellphone,cellular
device-mobile-slash	DeviceMobileSlash	objects,system	cellphone,cellular
device-mobile-speaker	DeviceMobileSpeaker	objects	cellphone,cellular
device-rotate	DeviceRotate	objects,system	orientation,landscape,portrait,spin,flip
device-tablet	DeviceTablet	objects	cellphone,cellular,ipad,phablet
device-tablet-camera	DeviceTabletCamera	objects	cellphone,cellular,ipad,phablet
device-tablet-speaker	DeviceTabletSpeaker	objects	cellphone,cellular,ipad,phablet
devices	Devices	objects	responsive,cellphone,cellular,tablet,desktop
diamond	Diamond	design,games	rectangle,shapes,polygons,diamonds,suits,cards,gambling,casino,gaming
diamonds-four	DiamondsFour	design	shapes,grid,component
dice-five	DiceFive	games,objects	die,rolling,gamble,gambling,casino,gaming,5
dice-four	DiceFour	games,objects	die,rolling,gamble,gambling,casino,gaming,4
dice-one	DiceOne	games,objects	die,rolling,gamble,gambling,casino,gaming,1
dice-six	DiceSix	games,objects	die,rolling,gamble,gambling,casino,gaming,6
dice-three	DiceThree	games,objects	die,rolling,gamble,gambling,casino,gaming,3
dice-two	DiceTwo	games,objects	die,rolling,gamble,gambling,casino,gaming,2
disc	Disc	development,media,objects,	cd-rom,compact disk,album,record
disco-ball	DiscoBall	games,map,objects	danging,club,70s
discord-logo	DiscordLogo	brand,communication	logos,messages,messaging,chat
divide	Divide	development,finance	division,divisor,dividend,quotient,mathematics,arithmetic,calculator
dna	Dna	health,nature	double helix,gene,genetics
dog	Dog	nature	pets,animals,puppy
door	Door	objects	entrance,exit
door-open	DoorOpen	objects	entrance,exit
dot	Dot	system	dots,circles,shapes,polygons
dot-outline	DotOutline	system	dots,circles,shapes,polygons
dots-nine	DotsNine	design	grid,circles,shapes,polygons,9
dots-six	DotsSix	system	drag handle,knurling,circles,shapes,polygons,6
dots-six-vertical	DotsSixVertical	system	drag handle,knurling,circles,shapes,polygons,6
dots-three	DotsThree	system	menu,overflow,circles,shapes,polygons,3,ellipsis,ellipses,more
dots-three-circle	DotsThreeCircle	system	menu,overflow,circles,shapes,polygons,3,ellipsis,ellipses,more
dots-three-circle-vertical	DotsThreeCircleVertical	system	menu,overflow,circles,shapes,polygons,3,ellipsis,ellipses,more
dots-three-outline	DotsThreeOutline	system	menu,overflow,circles,shapes,polygons,3,ellipsis,ellipses,more
dots-three-outline-vertical	DotsThreeOutlineVertical	system	menu,overflow,circles,shapes,polygons,3,ellipsis,ellipses,more
dots-three-vertical	DotsThreeVertical	system	menu,overflow,circles,shapes,polygons,3,ellipsis,ellipses,more
download	Download	system	saved,saving,archived,archiving,archival,downloaded,downloading,hard drive,disk
download-simple	DownloadSimple	system	saved,saving,archived,archiving,archival,downloaded,downloading,hard drive,disk,import
dress	Dress	commerce,objects	clothes,clothing
dresser	Dresser	commerce,objects	furniture,bedroom,storage,drawers,wardrobe
dribbble-logo	DribbbleLogo	brand,design	logos,round,basketball,sports,design
drone	Drone	games,objects,development,	aerial,uav,photography,remote
drop	Drop	nature,weather	droplet,teardrop,raindrop,raining,meteorology,water,blur
drop-half	DropHalf	design,editor,nature,weather,	droplet,teardrop,raindrop,humidity,water,contrast,brightness
drop-half-bottom	DropHalfBottom	design,editor,nature,weather,	droplet,teardrop,raindrop,humidity,water,contrast,brightness
drop-simple	DropSimple	design,editor,nature,weather,	droplet,teardrop,raindrop,raining,humidity,meteorology,water,blur
drop-slash	DropSlash	design,editor,nature,weather,	droplet,teardrop,raindrop,raining,humidity,meteorology,water,blur,disabled
dropbox-logo	DropboxLogo	brand	cloud,storage,backup,logos
ear	Ear	media,system	hearing,audio,sound
ear-slash	EarSlash	media,system	hearing,audio,sound,mute,accessible
egg	Egg	commerce,nature	chicken,food,meal,baby,hatch
egg-crack	EggCrack	commerce,nature	chicken,food,meal,baby,hatch,break
eject	Eject	media	disconnect
eject-simple	EjectSimple	media	disconnect
elevator	Elevator	objects,map	lift
empty	Empty	finance,development	∅,empty set,member,mathematics,arithmetic,calculator,null
engine	Engine	map,objects	motor,repair,vehicles,automobile
envelope	Envelope	communication	mail,email,send,sent,message,post,letter
envelope-open	EnvelopeOpen	communication	mail,email,send,sent,message,read,post,letter
envelope-simple	EnvelopeSimple	communication	mail,email,send,sent,message,post,letter
envelope-simple-open	EnvelopeSimpleOpen	communication	mail,email,send,sent,message,read,post,letter
equalizer	Equalizer	media,system	music,audio,meter,volume,spectrum,eq,deezer
equals	Equals	development,finance	=,equality,equivalent,equivalence,mathematics,arithmetic,calculator
eraser	Eraser	design,editor	write,writing,editing,undo,deleted
escalator-down	EscalatorDown	map,objects	stairs
escalator-up	EscalatorUp	map,objects	stairs
exam	Exam	objects	text,examination,paper,school,grade
exclamation-mark	ExclamationMark	system	!,alert,warning,caution,interjection,punctuation,symbol
exclude	Exclude	design,editor	venn-diagram,difference,intersection
exclude-square	ExcludeSquare	design,editor	venn-diagram,difference,intersection
export	Export	communication,system	share,send to,arrows
eye	Eye	design,editor	visible,hidden,show,hide,visibility,view
eye-closed	EyeClosed	design,editor	visible,hidden,show,hide,visibility,view,invisible,private
eye-slash	EyeSlash	design,editor	visible,hidden,show,hide,visibility,view,invisible,eyelashes,disabled,private
eyedropper	Eyedropper	design,editor,objects,	colors,color picker,sample,arts
eyedropper-sample	EyedropperSample	design,editor,objects,	colors,color picker,arts
eyeglasses	Eyeglasses	health,objects	vision,spectacles
eyes	Eyes	people	look,glance
face-mask	FaceMask	health	ppe,facemask,covid-19,coronavirus,flu,cold
facebook-logo	FacebookLogo	brand,communication	logos,social media
factory	Factory	commerce,map	industry,manufacture,buildings,places,locations
faders	Faders	media,system	music,audio,sliders,filters,equalizer,volume,settings,preferences
faders-horizontal	FadersHorizontal	media,system	music,audio,sliders,filters,equalizer,volume,settings,preferences
fallout-shelter	FalloutShelter	health	radiation,radioactive,nuclear,bunker,contamination,quarantine,toxic,danger,caution
fan	Fan	commerce,objects	desk fan,air conditioning
farm	Farm	commerce,nature,map	farmer,field,farming,agriculture
fast-forward	FastForward	media,system	audio,music,seek,scrub,scan,ahead,skip
fast-forward-circle	FastForwardCircle	media,system	audio,music,seek,scrub,scan,ahead,skip
feather	Feather	nature,objects	bird
fediverse-logo	FediverseLogo	brand,communication	social media,decentralized
figma-logo	FigmaLogo	brand,design	logos,drawing,art,illustration,ui,interface,prototype,prototyping
file	File	office,editor	documents,files,save,write,page
file-archive	FileArchive	system,office,editor	documents,zip,compression
file-arrow-down	FileArrowDown	office,editor	documents,files,save,write,download,directional,pointer,pointing,arrowhead
file-arrow-up	FileArrowUp	office,editor	documents,files,save,write,upload,directional,pointer,pointing,arrowhead
file-audio	FileAudio	office,editor,media	documents,music,sound
file-c	FileC	office,editor,development,	documents,code
file-c-sharp	FileCSharp	office,editor,development,	documents,code,c#
file-cloud	FileCloud	office,editor,system	documents,sync
file-code	FileCode	office,editor,development,	documents
file-cpp	FileCpp	office,editor,development,	documents,code,c++
file-css	FileCss	office,editor,development,	documents,code
file-csv	FileCsv	office,editor	documents,data
file-dashed	FileDashed	office,editor	documents,files,browse,draft,open,dotted,alias:file-dotted
file-doc	FileDoc	office,editor	documents,word,microsoft
file-html	FileHtml	office,editor,development,	documents,code
file-image	FileImage	office,editor,media	documents,pictures,photograph
file-ini	FileIni	office,editor,development,	documents
file-jpg	FileJpg	office,editor,media	documents,pictures,photograph,jpeg
file-js	FileJs	office,editor,development,	documents,code,javascript
file-jsx	FileJsx	office,editor,development,	documents,code,javascript
file-lock	FileLock	office,editor,system	documents,secure,locked,private
file-magnifying-glass	FileMagnifyingGlass	office,editor	documents,files,search,find,locate,browse,missing,alias:file-search
file-md	FileMd	office,editor,development,	documents,notes,markdown
file-minus	FileMinus	office,editor	documents,files,delete,write,remove,-
file-pdf	FilePdf	office,editor	documents,files,acrobat
file-plus	FilePlus	office,editor	documents,files,save,write,add,new,create,+
file-png	FilePng	office,editor,media	documents,pictures,photograph
file-ppt	FilePpt	office,editor	documents,powerpoint,microsoft
file-py	FilePy	office,editor,development,	documents,code,python
file-rs	FileRs	office,editor,development,	documents,code,rust
file-sql	FileSql	system,development	documents,database
file-svg	FileSvg	system,media	documents,images,vector
file-text	FileText	office,editor	documents,files,save,write
file-ts	FileTs	office,editor,development,	documents,code,typescript
file-tsx	FileTsx	office,editor,development,	documents,code,typescript
file-txt	FileTxt	office,editor,development,	documents
file-video	FileVideo	office,editor,media	documents,movie
file-vue	FileVue	office,editor,development,	documents,code
file-x	FileX	office,editor	documents,files,cancelled,deleted,removed,errors
file-xls	FileXls	office,editor	documents,excel,microsoft
file-zip	FileZip	office,editor,system	documents,archive,compression
files	Files	office,editor	documents,open,library
film-reel	FilmReel	media,objects	videography,films,movies,recording
film-script	FilmScript	office,media	screenplay,movie
film-slate	FilmSlate	media,objects	clapper,movie
film-strip	FilmStrip	media	camera,photography,darkroom,movie,analog
fingerprint	Fingerprint	system	security,secured,authentication,authenticated,login,locked,biometrics,encrypted,encryption
fingerprint-simple	FingerprintSimple	system	security,secured,authentication,authenticated,login,locked,biometrics,encrypted,encryption
finn-the-human	FinnTheHuman	games	adventure time,cartoons,television,tv,character
fire	Fire	nature,weather	flame,burning,match,lighter
fire-extinguisher	FireExtinguisher	objects	safety,prevention,emergency,hazard,danger,caution
fire-simple	FireSimple	nature,weather	flame,burning,match,lighter
fire-truck	FireTruck	health	first-aid,emt,medical,medicine,injury,safety,emergency,firefighter
first-aid	FirstAid	health	hospital,cross,medical,medicine,injury,safety,emergency,doctor
first-aid-kit	FirstAidKit	health	bandages,medical,medicine,injury,safety,emergency,doctor
fish	Fish	nature,commerce	animals,pets,food,seafood,restaurants,dining
fish-simple	FishSimple	nature,commerce	animals,pets,food,seafood,restaurants,dining
flag	Flag	objects,map,system	country,countries,finished,completed,flags
flag-banner	FlagBanner	objects,map,system	ribbon,country,countries,finished,completed,flags,swallowtail
flag-banner-fold	FlagBannerFold	objects,map,system	ribbon,country,countries,finished,completed,flags,swallowtail
flag-checkered	FlagCheckered	map,objects,games	flags,race,racing,finish line
flag-pennant	FlagPennant	objects,map,system,games,	flags,race,sports,team
flame	Flame	nature,weather	fire,burning,match,lighter
flashlight	Flashlight	system,objects	torch,find,search,locate
flask	Flask	development,nature,objects,	beaker,science,chemistry,experiment,erlenmeyer
flip-horizontal	FlipHorizontal	design,editor	mirror,rotate,invert
flip-vertical	FlipVertical	design,editor	mirror,rotate,invert
floppy-disk	FloppyDisk	office,editor,system	diskette,directory,directories,folders,documents,files,save,write
floppy-disk-back	FloppyDiskBack	office,editor,system	diskette,directory,directories,folders,documents,files,save,write
flow-arrow	FlowArrow	arrows,design,office	flowchart,arrowhead
flower	Flower	nature	plants,green,environmental
flower-lotus	FlowerLotus	nature	plants,green,environmental,spirituality
flower-tulip	FlowerTulip	nature	plants,green,environmental
flying-saucer	FlyingSaucer	games,objects	ufo,space,aliens,extra terrestrial,sci-fi
folder	Folder	office,editor,system	directory,directories,files,folders,alias:folder-notch
folder-dashed	FolderDashed	office,editor,system	directory,directories,files,folders,missing,temporary,dotted,alias:folder-dotted
folder-lock	FolderLock	office,editor,system	directory,directories,files,folders,private,secure
folder-minus	FolderMinus	office,editor,system	directory,directories,files,delete,write,remove,-,alias:folder-notch-minus
folder-open	FolderOpen	office,editor,system	directory,directories,files,folders,load,alias:folder-notch-open
folder-plus	FolderPlus	office,editor,system	directory,directories,files,save,write,add,new,create,+,alias:folder-notch-plus
folder-simple	FolderSimple	office,editor,system	directory,directories,files,folders
folder-simple-dashed	FolderSimpleDashed	office,editor,system	directory,directories,files,folders,missing,temporary,dotted,alias:folder-simple-dotted
folder-simple-lock	FolderSimpleLock	office,editor,system	directory,directories,files,folders,private,secure
folder-simple-minus	FolderSimpleMinus	office,editor,system	directory,directories,files,delete,write,remove,-
folder-simple-plus	FolderSimplePlus	office,editor,system	directory,directories,files,save,write,add,new,create,+
folder-simple-star	FolderSimpleStar	office,editor,system	directory,directories,files,folders,favorite,starred
folder-simple-user	FolderSimpleUser	office,editor,system	directory,directories,files,folders,personal
folder-star	FolderStar	office,editor,system	directory,directories,files,folders,favorite,starred
folder-user	FolderUser	office,editor,system	directory,directories,files,folders,personal
folders	Folders	office,editor,system	directory,directories,files,folders,copy,copied,duplicated
football	Football	games,health,objects	sports,american football,nfl
football-helmet	FootballHelmet	games,health,objects	sports,american football,nfl
footprints	Footprints	health,map	path,trail,walk,route,hike,hiking
fork-knife	ForkKnife	commerce,map,objects	food,meal,eating,restaurants,dining,utensils
four-k	FourK	media	uhd,resolution,video
frame-corners	FrameCorners	system	expand,fullscreen,maximized,resize,windowed,capture
framer-logo	FramerLogo	brand,design	logos,interface,ui,motion,prototype,prototyping
function	Function	development	mathematics,arithmetic,f-stop
funnel	Funnel	editor,objects	filters,refine,sorting
funnel-simple	FunnelSimple	editor,objects	filters,refine,sorting
funnel-simple-x	FunnelSimpleX	editor,objects	filters,refine,sorting
funnel-x	FunnelX	editor,objects	filters,refine,sorting
game-controller	GameController	games,media,objects	gaming,video games,nintendo switch,sony playstation,microsoft xbox
garage	Garage	commerce,map	vehicles,automobile,buildings,transportation
gas-can	GasCan	map,objects	jerrycan,petrol,fuel,gasoline
gas-pump	GasPump	map,objects	gas station,petrol,fuel,gasoline
gauge	Gauge	development,objects,system,	dashboard,meter,speed,speedometer,odometer,performance
gavel	Gavel	commerce,objects	judge,justice,legal,law,court,hammer,government
gear	Gear	system	8,settings,setup,preferences,cogs,gears,machinery,mechanical
gear-fine	GearFine	system	setup,preferences,cogs,gears,machinery,mechanical
gear-six	GearSix	system	6,settings,setup,preferences,cogs,gears,machinery,mechanical
gender-female	GenderFemale	people	woman,feminine,venus
gender-intersex	GenderIntersex	people	transgender,non-binary
gender-male	GenderMale	people	man,masculine,mars
gender-neuter	GenderNeuter	people	agender,non-binary,asexual
gender-nonbinary	GenderNonbinary	people	intersex,non-binary
gender-transgender	GenderTransgender	people	intersex,non-binary
ghost	Ghost	games,objects	pac-man,spirit,scary,halloween
gif	Gif	media	gifs,.gif,giphy
gift	Gift	commerce,objects	presents,holiday,birthday
git-branch	GitBranch	development	github,vcs,source control,version control,versioning,branches
git-commit	GitCommit	development	github,vcs,source control,version control,versioning,commits
git-diff	GitDiff	development	github,vcs,source control,version control,versioning,difference,compare
git-fork	GitFork	development	github,vcs,source control,version control,versioning,split
git-merge	GitMerge	development	github,vcs,source control,version control,versioning,split
git-pull-request	GitPullRequest	development	github,vcs,source control,version control,versioning,merge request
github-logo	GithubLogo	development,brand	octocat,vcs,source control,version control,versioning,branches
gitlab-logo	GitlabLogo	brand,development	vcs,source control,version control,versioning,branches
gitlab-logo-simple	GitlabLogoSimple	brand,development	vcs,source control,version control,versioning,branches
globe	Globe	map	world,earth,global,planet,circle,round,internationalization,i18n,languages,country,countries,geography,internet
globe-hemisphere-east	GlobeHemisphereEast	map	world,earth,global,planet,circle,round,internationalization,i18n,languages,country,countries,geography,europe,africa,asia,australia
globe-hemisphere-west	GlobeHemisphereWest	map	world,earth,global,planet,circle,round,internationalization,i18n,languages,country,countries,geography,north america,south america
globe-simple	GlobeSimple	map	world,earth,global,planet,circle,round,internationalization,i18n,languages,country,countries,geography
globe-simple-x	GlobeSimpleX	map	world,earth,global,planet,circle,round,internationalization,i18n,languages,country,countries,geography,internet
globe-stand	GlobeStand	map	world,global,planet,circle,round,internationalization,i18n,languages,country,countries,geography
globe-x	GlobeX	map	world,earth,global,planet,circle,round,internationalization,i18n,languages,country,countries,geography,internet
goggles	Goggles	health,objects	swim,swimming,sports,exercise,olympics,aquatics
golf	Golf	games,health,objects	sports,pga,tee,ball
goodreads-logo	GoodreadsLogo	brand	reading,books,social media,logos
google-cardboard-logo	GoogleCardboardLogo	brand	virtual reality,vr,logos
google-chrome-logo	GoogleChromeLogo	brand	web browsers,internet
google-drive-logo	GoogleDriveLogo	brand	cloud,storage,backup,logos
google-logo	GoogleLogo	brand	logos,search engine,phone,mobile,android
google-photos-logo	GooglePhotosLogo	brand,media	album,pictures,photography
google-play-logo	GooglePlayLogo	brand,system,media	logos,games,apps,applications,play store,app store,phone,mobile,android
google-podcasts-logo	GooglePodcastsLogo	brand,media	audio
gps	Gps	map,system	geolocation,location,navigation
gps-fix	GpsFix	map,system	geolocation,location,navigation
gps-slash	GpsSlash	map,system	geolocation,location,navigation,disabled
gradient	Gradient	design	fade,ombre,opacity
graduation-cap	GraduationCap	map,objects	classroom,teacher,education,school,college,university,degree,graduate,hat
grains	Grains	commerce,nature	wheat,gluten,farm,farming,agriculture
grains-slash	GrainsSlash	commerce	gluten-free,wheat,gluten,farm,farming,agriculture
graph	Graph	office,development	nodes,tree
graphics-card	GraphicsCard	development	graphics card,microchip,computer,circuit
greater-than	GreaterThan	finance,development	>,greater than,gt,comparison,mathematics,arithmetic,calculator
greater-than-or-equal	GreaterThanOrEqual	finance,development	≥,greater than or equal,gte,comparison,mathematics,arithmetic,calculator
grid-four	GridFour	design,system	4,apps,applications,squares,tiles,cells,tables,tabular,spreadsheets,excel
grid-nine	GridNine	design,system	9,apps,applications,squares,tiles,cells,tables,tabular,spreadsheets,excel
guitar	Guitar	media,objects	music,instrument
hair-dryer	HairDryer	commerce,objects	blow dryer,beauty,grooming,salon
hamburger	Hamburger	commerce,map	fast food,party,places,locations,restaurants,food,dining
hammer	Hammer	objects,system,commerce,	tools,carpentry,construction
hand	Hand	system,people	pointers,cursors,emoji,backhand
hand-arrow-down	HandArrowDown	people,commerce,finance,	take,receive,remove,withdraw,emoji
hand-arrow-up	HandArrowUp	people,commerce,finance,	give,insert,deposit,donation,emoji
hand-coins	HandCoins	people,commerce,finance,	donation,payment,money,paying,purchase
hand-deposit	HandDeposit	people,commerce,finance,	give,insert,donation,atm,emoji
hand-eye	HandEye	people	emoji,hamsa,evil eye
hand-fist	HandFist	people	emoji,power,protest,blm
hand-grabbing	HandGrabbing	system,people	pointers,cursors,emoji,drag,hold
hand-heart	HandHeart	people	donation,care,emoji
hand-palm	HandPalm	system,people	pointers,cursors,emoji,palm,stop,wait,hamsa,5
hand-peace	HandPeace	people,communication	emoji,victory
hand-pointing	HandPointing	system,people	pointers,cursors,emoji,fingers,clicks,mouse
hand-soap	HandSoap	health,objects	dispenser,pump,sanitizer,disinfectant,lotion,bottle
hand-swipe-left	HandSwipeLeft	people,system	pointers,cursors,gesture
hand-swipe-right	HandSwipeRight	people,system	pointers,cursors,gesture
hand-tap	HandTap	people,system	pointers,cursors,gesture
hand-waving	HandWaving	system,people	emoji,palm,wave,hello,goodbye
hand-withdraw	HandWithdraw	people,commerce,finance,	take,remove,withdrawal,atm,emoji
handbag	Handbag	commerce,objects	suitcases,valises,baggage,purses
handbag-simple	HandbagSimple	commerce,objects	suitcases,valises,baggage,purses
hands-clapping	HandsClapping	system,people	emoji,clap,applause
hands-praying	HandsPraying	people	emoji,religion,worship,prayer,thanks,thank you
handshake	Handshake	people,commerce	emoji,deal,agreement
hard-drive	HardDrive	system	saved,saving,archived,archiving,archival,hard disk,storage,hdd,servers,databases
hard-drives	HardDrives	system	saved,saving,archived,archiving,archival,hard disk,storage,hdd,servers,databases
hard-hat	HardHat	commerce,objects,development,	safety,construction,industry,helmet,ppe
hash	Hash	communication	hashtag,octothorpe,pound sign,number sign,tic-tac-toe,symbol
hash-straight	HashStraight	communication	hashtag,octothorpe,pound sign,number sign,tic-tac-toe,symbol
head-circuit	HeadCircuit	development	automaton,artificial intelligence,ai
headlights	Headlights	map,objects	brights,high beams
headphones	Headphones	media,objects	music,audio,listening
headset	Headset	media,games,objects	music,audio,listening,gaming,voice chat,microphone,headphones,support,customer-service,call-center
heart	Heart	communication,games,health,	wellness,love,healthy,like,favorites,favorited,suits,cards,gambling,casino,gaming,emoji
heart-break	HeartBreak	communication	love,hate,crack,split,divorce,emoji
heart-half	HeartHalf	communication,games,health,	wellness,love,healthy,like,favorites,favorited
heart-straight	HeartStraight	communication,games,health,	wellness,love,healthy,like,favorites,favorited,suits,cards,gambling,casino,gaming,emoji
heart-straight-break	HeartStraightBreak	communication	love,hate,crack,split,divorce,emoji
heartbeat	Heartbeat	health,system	wellness,healthy,ecg,ekg,vitals,monitor
hexagon	Hexagon	design	6,shapes,polygons
high-definition	HighDefinition	media	hd,resolution,video
high-heel	HighHeel	commerce,objects	pumps,clothes,clothing,shoes
highlighter	Highlighter	design,editor,office	marker,write,writing,editing
highlighter-circle	HighlighterCircle	design,editor,office	write,writing,editing,drawing
hockey	Hockey	games,health,objects	sports,nhl,stick,puck
hoodie	Hoodie	commerce,objects	clothes,clothing,sweatshirt
horse	Horse	games,health,nature	animals,equestrian,chess,knight,sports
hospital	Hospital	map,health	places,locations,medical,medicine,emergency,doctor,buildings
hourglass	Hourglass	system,objects	times,timer,alarms,clock,schedule,events,waiting,progress
hourglass-high	HourglassHigh	system,objects	times,timer,alarms,clock,schedule,events,waiting,progress
hourglass-low	HourglassLow	system,objects	times,timer,alarms,clock,schedule,events,waiting,progress
hourglass-medium	HourglassMedium	system,objects	times,timer,alarms,clock,schedule,events,waiting,progress
hourglass-simple	HourglassSimple	system,objects	times,timer,alarms,clock,schedule,events,waiting,progress
hourglass-simple-high	HourglassSimpleHigh	system,objects	times,timer,alarms,clock,schedule,events,waiting,progress
hourglass-simple-low	HourglassSimpleLow	system,objects	times,timer,alarms,clock,schedule,events,waiting,progress
hourglass-simple-medium	HourglassSimpleMedium	system,objects	times,timer,alarms,clock,schedule,events,waiting,progress
house	House	map,system	homes,buildings,places,locations
house-line	HouseLine	map,system	homes,buildings,places,locations
house-simple	HouseSimple	map,system	homes,buildings,places,locations
hurricane	Hurricane	weather	meteorology,cyclone,storm,disaster,wind
ice-cream	IceCream	commerce,map,objects	food,dessert,cone
identification-badge	IdentificationBadge	people	license,credentials,nametag,user,verification
identification-card	IdentificationCard	people	license,badge,credentials,nametag,user,verification
image	Image	media,system	pictures,photographs,photography,wallpapers,gallery,landscape
image-broken	ImageBroken	media,system	pictures,photographs,photography,wallpapers,gallery,landscape,missing,error,404
image-square	ImageSquare	media,system	pictures,photographs,photography,wallpapers,gallery,landscape
images	Images	media,system	pictures,photographs,photography,wallpapers,gallery,landscape,album
images-square	ImagesSquare	media,system	pictures,photographs,photography,wallpapers,gallery,landscape,album
infinity	Infinity	development,finance	infinite,lemniscate,figure-eight,mathematics,arithmetic,calculator,∞,alias:lemniscate
info	Info	system	information,help,support
instagram-logo	InstagramLogo	brand,communication	logos,social media,photography,camera
intersect	Intersect	design,editor	round,join,union,merge,combine,intersecting,intersection
intersect-square	IntersectSquare	design,editor	venn-diagram,join,intersection
intersect-three	IntersectThree	people,design,editor	venn-diagram,join,intersection,gender,pronouns
intersection	Intersection	finance,development	∩,intersection,set,member,mathematics,arithmetic,calculator
invoice	Invoice	commerce,finance,office,	receipt,expense,bill
island	Island	map,nature	geography,beach,ocean,tropical,palm,vacation,trip,locations,places
jar	Jar	commerce,objects	mason jar,kitchen,pantry,canning,preserves,food,condiments
jar-label	JarLabel	commerce,objects	mason jar,kitchen,pantry,canning,preserves,food,condiments
jeep	Jeep	map,objects	vehicles,automobile,suv,cars,trucks,wrangler,off-road,transit,transportation,traveling
joystick	Joystick	games,media,objects	gaming,game controller,video games,arcade game,atari
kanban	Kanban	office	scheduling,tasks,project management,process,lean,agile
key	Key	objects,system	padlock,security,secured,authentication,authenticated,login,locked,encrypted,encryption
key-return	KeyReturn	system	keyboard,enter
keyboard	Keyboard	system	typing,type,keys,input
keyhole	Keyhole	objects,system	lock,security,secured,authentication,authenticated,login,locked,encrypted,encryption,privacy,private
knife	Knife	commerce,objects	tools,food,meal,eating,restaurants,dining,utensils
ladder	Ladder	objects	stairs,steps,climbing
ladder-simple	LadderSimple	objects	stairs,steps,climbing
lamp	Lamp	objects,commerce	light,furniture,appliances
lamp-pendant	LampPendant	commerce,objects	light,furniture,appliances
laptop	Laptop	development,objects	computer,notebook,pc,macbook
lasso	Lasso	design,objects	select,selection,loop,rope,cowboy
lastfm-logo	LastfmLogo	brand,media	scrobble,music,social media
layout	Layout	design,editor	wireframe,sidebar,ui,interface
leaf	Leaf	nature	plants,trees,branches,leaves,nodes,green,environmental
lectern	Lectern	objects,finance,office,	lecture,podium,pulpit,stand,speech,presentation,keynote
lego	Lego	games	toys,blocks,bricks
lego-smiley	LegoSmiley	games,communication,people,	face,emoji,toys,blocks,bricks
less-than	LessThan	finance,development	<,less than,lt,comparison,mathematics,arithmetic,calculator
less-than-or-equal	LessThanOrEqual	finance,development	≤,less than or equal,lte,comparison,mathematics,arithmetic,calculator
letter-circle-h	LetterCircleH	editor,map,design	hospital,letter,glyph,character
letter-circle-p	LetterCircleP	editor,map,design	parking lot,valet,vehicles,letter,glyph,character
letter-circle-v	LetterCircleV	editor,design,commerce,	vegan,letter,glyph,character
lifebuoy	Lifebuoy	health,objects,system,	lifebelt,lifesaver,safety,help,support,nautical,boats,ships
lightbulb	Lightbulb	system,objects	flashlight,bulbs,lighting,led,energy,idea
lightbulb-filament	LightbulbFilament	system,objects	flashlight,bulbs,lighting,led,energy,idea
lighthouse	Lighthouse	map	buildings,nautical,navigation,boats,ships,safety
lightning	Lightning	weather,system	meteorology,stormy,thunderstorm,thunderbolt,charged,charger,charging,power,electricity,flash
lightning-a	LightningA	system	flash,auto
lightning-slash	LightningSlash	system	thunderbolt,charged,charger,charging,power,electricity,disabled,flash
line-segment	LineSegment	design	shapes,drawing,path,pen,vector
line-segments	LineSegments	design	shapes,drawing,path,pen,vector
line-vertical	LineVertical	design,development	bar,pipe,|,divider. symbol
link	Link	communication,objects	anchor,hyperlink,hypertext,chains,chained
link-break	LinkBreak	communication,objects	anchor,hyperlink,hypertext,chains,chained,errors,broken
link-simple	LinkSimple	communication,objects	anchor,hyperlink,hypertext,chains,chained
link-simple-break	LinkSimpleBreak	communication,objects	anchor,hyperlink,hypertext,chains,chained,errors,broken
link-simple-horizontal	LinkSimpleHorizontal	communication,objects	anchor,hyperlink,hypertext,chains,chained
link-simple-horizontal-break	LinkSimpleHorizontalBreak	communication,objects	anchor,hyperlink,hypertext,chains,chained,errors,broken
linkedin-logo	LinkedinLogo	brand,communication	logos,jobs,employment,social media
linktree-logo	LinktreeLogo	brand,communication	social media,links
linux-logo	LinuxLogo	brand,development	penguin,computer,animals
list	List	system,editor	hamburger menu,overflow menu,sidebar,3,ul,ol,unordered list,ordered list,checklist,lines
list-bullets	ListBullets	editor	ul,unordered list,bulleted list,checklist
list-checks	ListChecks	office,editor	checklist,todo
list-dashes	ListDashes	editor	ul,unordered list,dashed list,checklist
list-heart	ListHeart	editor,system	favorites,wishlist,liked
list-magnifying-glass	ListMagnifyingGlass	editor,system	search,find,locate,query,inspect
list-numbers	ListNumbers	editor	ol,ordered list,numbered list,checklist
list-plus	ListPlus	editor	ul,ol,unordered list,ordered list,checklist,add,+
list-star	ListStar	editor,system	favorites,wishlist,liked
lock	Lock	objects,system	padlock,security,secured,authentication,authenticated,login,locked,encrypted,encryption,privacy,private
lock-key	LockKey	objects,system	padlock,security,secured,authentication,authenticated,login,locked,encrypted,encryption,privacy,private
lock-key-open	LockKeyOpen	objects,system	padlock,security,unsecured,authentication,unauthenticated,login,unlocked,unencrypted,encryption,privacy
lock-laminated	LockLaminated	objects,system	padlock,security,secured,authentication,authenticated,login,locked,encrypted,encryption,privacy,private
lock-laminated-open	LockLaminatedOpen	objects,system	padlock,security,unsecured,authentication,unauthenticated,login,unlocked,unencrypted,encryption,privacy,private
lock-open	LockOpen	objects,system	padlock,security,unsecured,authentication,unauthenticated,login,unlocked,unencrypted,encryption,privacy
lock-simple	LockSimple	objects,system	padlock,security,secured,authentication,authenticated,login,locked,encrypted,encryption,privacy,private
lock-simple-open	LockSimpleOpen	objects,system	padlock,security,unsecured,authentication,unauthenticated,login,unlocked,unencrypted,encryption,privacy,private
lockers	Lockers	map	locker room,gym,storage
log	Log	nature	tree,stump,stick,branch
magic-wand	MagicWand	design,games,objects	selection,wizard,games
magnet	Magnet	development,objects	magnetism,science,physics
magnet-straight	MagnetStraight	development,objects	magnetism,science,physics
magnifying-glass	MagnifyingGlass	editor,system	search,find,locate,query,inspect
magnifying-glass-minus	MagnifyingGlassMinus	editor,system	search,find,locate,query,inspect,zoom out,-
magnifying-glass-plus	MagnifyingGlassPlus	editor,system	search,find,locate,query,inspect,zoom in,+
mailbox	Mailbox	communication,objects,map,	email,letters,messaging,post
map-pin	MapPin	map	maps,places,markers,pins,locations,poi,point of interest
map-pin-area	MapPinArea	map	maps,places,markers,pins,locations,poi,point of interest
map-pin-line	MapPinLine	map	maps,places,markers,pins,locations,poi,point of interest
map-pin-plus	MapPinPlus	map	maps,places,markers,pins,locations,add,point of interest
map-pin-simple	MapPinSimple	map	maps,places,markers,pins,locations,poi,point of interest
map-pin-simple-area	MapPinSimpleArea	map	maps,places,markers,pins,locations,poi,point of interest
map-pin-simple-line	MapPinSimpleLine	map	maps,places,markers,pins,locations,poi,point of interest
map-trifold	MapTrifold	map	maps,places,locations,cartography,geography
markdown-logo	MarkdownLogo	development,office,media,brand,	markup,editor,.md
marker-circle	MarkerCircle	design,editor,office	write,writing,editing,drawing
martini	Martini	commerce,map,objects	glass,drinks,beverages,cocktails,places,locations,bars,restaurants,food,dining
mask-happy	MaskHappy	communication,games	theater,costume,smile,smiling,thalia
mask-sad	MaskSad	communication,games	theater,costume,cry,crying,melpomene
mastodon-logo	MastodonLogo	brand,communication	fediverse,social media,decentralized
math-operations	MathOperations	development,finance	addition,sum,subtraction,difference,multiply,multiplication,product,divide,division,divisor,dividend,quotient,equals,equality,mathematics,arithmetic,calculator,+,-,±,×,÷,=
matrix-logo	MatrixLogo	brand,communication	matrix protocol,brands,logos
medal	Medal	objects,games	ribbons,winning,victory,awards,rosette
medal-military	MedalMilitary	objects,games	ribbons,winning,victory,awards,military
medium-logo	MediumLogo	brand	logos,reading,writing,news,social media
megaphone	Megaphone	communication,objects	bullhorn,announcements,loudspeaker,broadcast
megaphone-simple	MegaphoneSimple	communication,objects	bullhorn,announcements,loudspeaker,broadcast
member-of	MemberOf	finance,development	∈,is element of,set,member,mathematics,arithmetic,calculator
memory	Memory	development	ram,microchip,computer,circuit,electronics
messenger-logo	MessengerLogo	brand,communication	logos,facebook,social media
meta-logo	MetaLogo	brand	facebook,logos,social media,logos
meteor	Meteor	weather,nature	astronomy,asteroid,fireball
metronome	Metronome	objects,media	music,beat,tempo,bpm
microphone	Microphone	communication,media,system,	audio,recording,music,sound,podcast,studio
microphone-slash	MicrophoneSlash	communication,media,system,	audio,recording,music,sound,podcast,studio,muted,disabled
microphone-stage	MicrophoneStage	communication,media,system,	audio,recording,music,sound,performance,concert
microscope	Microscope	nature,development,objects,health,	science,biology,experiment,magnify
microsoft-excel-logo	MicrosoftExcelLogo	brand,office	tables,spreadsheets,tabular
microsoft-outlook-logo	MicrosoftOutlookLogo	brand,communication,office,	email,logos
microsoft-powerpoint-logo	MicrosoftPowerpointLogo	brand,office	slides,slideshow,presentation
microsoft-teams-logo	MicrosoftTeamsLogo	brand,communication	chat,video conference
microsoft-word-logo	MicrosoftWordLogo	brand,editor,office	documents,word processor,doc,docx
minus	Minus	development,finance,system,	-,subtraction,difference,mathematics,arithmetic,calculator,line,horizontal,divider
minus-circle	MinusCircle	development,finance,system,	-,subtraction,difference,mathematics,arithmetic,calculator,round
minus-square	MinusSquare	finance,system	-,subtraction,difference,mathematics,arithmetic,calculator
money	Money	commerce,finance	cash,dollars,paper bills,payment,paying,purchase
money-wavy	MoneyWavy	finance,commerce	cash,dollars,paper bills,payment,paying,purchase
monitor	Monitor	system	screen,television,tv,displays
monitor-arrow-up	MonitorArrowUp	system,media	screen,screencast,screenshare,upload,video,movie
monitor-play	MonitorPlay	system,media	screen,television,tv,displays,screencast,video,movie
moon	Moon	nature,system,weather,	night,evening,clear,sleep,snooze,night mode,dark mode,astronomy,stargazing
moon-stars	MoonStars	nature,weather	night,evening,clear,sleep,snooze,night mode,dark mode,astronomy,stargazing,constellation
moped	Moped	map,objects	scooter,vehicles,vespa,transportation,travel
moped-front	MopedFront	map,objects	scooter,vehicles,vespa,transportation,travel
mosque	Mosque	map	islam,muslim,religion,worship
motorcycle	Motorcycle	map,objects	vehicles,motorbike,transportation,travel
mountains	Mountains	nature,map	hills,outdoors,terrain,geology,adventure
mouse	Mouse	system	clicks,input
mouse-left-click	MouseLeftClick	system	clicks,input
mouse-middle-click	MouseMiddleClick	system	clicks,input
mouse-right-click	MouseRightClick	system	clicks,input
mouse-scroll	MouseScroll	system	clicks,input
mouse-simple	MouseSimple	system	clicks,input
music-note	MusicNote	media	songs,audio,playlist,albums
music-note-simple	MusicNoteSimple	media	songs,audio,playlist,albums
music-notes	MusicNotes	media	songs,audio,playlist,albums
music-notes-minus	MusicNotesMinus	media	songs,audio,playlist,albums,remove,subtract
music-notes-plus	MusicNotesPlus	media	songs,audio,playlist,albums,add
music-notes-simple	MusicNotesSimple	media	songs,audio,playlist,albums
navigation-arrow	NavigationArrow	map	location,directions,compass,gps
needle	Needle	objects,commerce	sewing,thread,awl,tailor
network	Network	system	internet,ethernet,lan
network-slash	NetworkSlash	system	internet,ethernet,lan,error
network-x	NetworkX	system	internet,ethernet,lan,disabled
newspaper	Newspaper	media,objects	reading,writing,journals,periodicals
newspaper-clipping	NewspaperClipping	media,objects	reading,writing,journals,periodicals
not-equals	NotEquals	finance,development	≠,equality,equivalent,equivalence,mathematics,arithmetic,calculator
not-member-of	NotMemberOf	finance,development	∉,is not element of,set,member,mathematics,arithmetic,calculator
not-subset-of	NotSubsetOf	finance,development	⊄,not subset of,set,member,mathematics,arithmetic,calculator
not-superset-of	NotSupersetOf	finance,development	⊉,not superset of,set,member,mathematics,arithmetic,calculator
notches	Notches	system,editor	textarea,resize,drag handle,knurling
note	Note	office,editor	notes,note-taking,memorandum,post-it,reminders
note-blank	NoteBlank	office,editor	notes,note-taking,memorandum,post-it,reminders
note-pencil	NotePencil	office,editor	notes,note-taking,memorandum,post-it,reminders
notebook	Notebook	office,editor	notes,note-taking,memorandum,journal,diary,logs,logbook
notepad	Notepad	office,editor	logs,logbook,notes,note-taking,memorandum,journal,diary
notification	Notification	system	badge,pip
notion-logo	NotionLogo	brand	documentation,productivity,wiki,logos
nuclear-plant	NuclearPlant	commerce,objects	renewable,energy,power,electricity
number-circle-eight	NumberCircleEight	finance	8,round,numbers,numerals,digits,mathematics,arithmetic,calculator
number-circle-five	NumberCircleFive	finance	5,round,numbers,numerals,digits,mathematics,arithmetic,calculator
number-circle-four	NumberCircleFour	finance	4,round,numbers,numerals,digits,mathematics,arithmetic,calculator
number-circle-nine	NumberCircleNine	finance	9,round,numbers,numerals,digits,mathematics,arithmetic,calculator
number-circle-one	NumberCircleOne	finance	1,round,numbers,numerals,digits,mathematics,arithmetic,calculator
number-circle-seven	NumberCircleSeven	finance	7,round,numbers,numerals,digits,mathematics,arithmetic,calculator
number-circle-six	NumberCircleSix	finance	6,round,numbers,numerals,digits,mathematics,arithmetic,calculator
number-circle-three	NumberCircleThree	finance	3,round,numbers,numerals,digits,mathematics,arithmetic,calculator
number-circle-two	NumberCircleTwo	finance	2,round,numbers,numerals,digits,mathematics,arithmetic,calculator
number-circle-zero	NumberCircleZero	finance	0,round,numbers,numerals,digits,mathematics,arithmetic,calculator
number-eight	NumberEight	finance	8,numbers,numerals,digits,mathematics,arithmetic,calculator
number-five	NumberFive	finance	5,numbers,numerals,digits,mathematics,arithmetic,calculator
number-four	NumberFour	finance	4,numbers,numerals,digits,mathematics,arithmetic,calculator
number-nine	NumberNine	finance	9,numbers,numerals,digits,mathematics,arithmetic,calculator
number-one	NumberOne	finance	1,numbers,numerals,digits,mathematics,arithmetic,calculator
number-seven	NumberSeven	finance	7,numbers,numerals,digits,mathematics,arithmetic,calculator
number-six	NumberSix	finance	6,numbers,numerals,digits,mathematics,arithmetic,calculator
number-square-eight	NumberSquareEight	finance	8,numbers,numerals,digits,mathematics,arithmetic,calculator
number-square-five	NumberSquareFive	finance	5,numbers,numerals,digits,mathematics,arithmetic,calculator
number-square-four	NumberSquareFour	finance	4,numbers,numerals,digits,mathematics,arithmetic,calculator
number-square-nine	NumberSquareNine	finance	9,numbers,numerals,digits,mathematics,arithmetic,calculator
number-square-one	NumberSquareOne	finance	1,numbers,numerals,digits,mathematics,arithmetic,calculator
number-square-seven	NumberSquareSeven	finance	7,numbers,numerals,digits,mathematics,arithmetic,calculator
number-square-six	NumberSquareSix	finance	6,numbers,numerals,digits,mathematics,arithmetic,calculator
number-square-three	NumberSquareThree	finance	3,numbers,numerals,digits,mathematics,arithmetic,calculator
number-square-two	NumberSquareTwo	finance	2,numbers,numerals,digits,mathematics,arithmetic,calculator
number-square-zero	NumberSquareZero	finance	0,numbers,numerals,digits,mathematics,arithmetic,calculator
number-three	NumberThree	finance	3,numbers,numerals,digits,mathematics,arithmetic,calculator
number-two	NumberTwo	finance	2,numbers,numerals,digits,mathematics,arithmetic,calculator
number-zero	NumberZero	finance	0,numbers,numerals,digits,mathematics,arithmetic,calculator
numpad	Numpad	communication,system	dialer,dialpad,call-center,telephone,landline,password,passcode
nut	Nut	objects,system	bolts,screws,machinery,tools,hexagon
ny-times-logo	NyTimesLogo	brand	nyt,new york times,logos,reading,writing,news,newspaper
octagon	Octagon	design	8,shapes,polygons
office-chair	OfficeChair	objects,commerce	furniture,seat
onigiri	Onigiri	commerce,map	rice ball,japanese,food,restaurant
open-ai-logo	OpenAiLogo	development,brand	artificial intelligence,ai,chatgpt,llm,logos
option	Option	system,editor	keyboard,shortcut,modifier
orange	Orange	commerce,nature	food,fruit,juice,citrus,groceries,market
orange-slice	OrangeSlice	map,commerce,nature	food,fruit,juice,citrus,groceries,market
oven	Oven	commerce,objects	stove,stovetop,food,cooking,cuisine,kitchen
package	Package	development,objects	packages,boxes,delivery,mail,postal service,bundles,library,libraries,shipping
paint-brush	PaintBrush	design,editor,objects,	colors,color picker,arts
paint-brush-broad	PaintBrushBroad	design,editor,objects,	fill,colors,color picker,arts
paint-brush-household	PaintBrushHousehold	design,editor,objects,	colors,color picker,arts
paint-bucket	PaintBucket	design,editor,objects,	paintbucket,colors,color picker,fill,arts
paint-roller	PaintRoller	design,editor,objects,	colors,color picker,fill,arts,theme
palette	Palette	design,editor,objects,	paint,colors,color picker,arts
panorama	Panorama	media	image,picture,photography,landscape,360
pants	Pants	commerce,objects	clothing,clothes,jeans
paper-plane	PaperPlane	communication,map,objects,	mail,email,send,sent,messages,messaging,toys,games
paper-plane-right	PaperPlaneRight	communication,map,objects,	mail,email,send,sent,messages,messaging,toys,games
paper-plane-tilt	PaperPlaneTilt	communication,map,objects,	mail,email,send,sent,messages,messaging,toys,games
paperclip	Paperclip	communication,editor,office,objects,	attachments,mail,email,office
paperclip-horizontal	PaperclipHorizontal	communication,editor,office,objects,	attachments,mail,email,office
parachute	Parachute	objects,development	skydiving,safety
paragraph	Paragraph	editor	pilcrow
parallelogram	Parallelogram	brand,media,design	shapes,bandcamp,logos
park	Park	map,nature	bench,outdoors
password	Password	system	security,secured,authentication,authenticated,login,locked,encrypted,encryption
path	Path	design,map	transit,travel,trail,gps,navigation,route,destination,vector
patreon-logo	PatreonLogo	brand	crowdfunding,logos
pause	Pause	media,system	music,audio,resume,start,stop
pause-circle	PauseCircle	media,system	music,audio,resume,start,stop,round
paw-print	PawPrint	nature,commerce,health,	pets,pet store,pet shop,animals,cat,dog,veterinarian
paypal-logo	PaypalLogo	brand,finance,commerce,	payments,paying,purchase,logos
peace	Peace	communication	love,hippies,peace sign,symbols
pen	Pen	design,editor,office	ink,write,writing,editing,sign,signature
pen-nib	PenNib	design,editor,office	ink,write,writing,editing,sign,signature,fountain pen,illustrator
pen-nib-straight	PenNibStraight	design,editor,office	ink,write,writing,editing,sign,signature,fountain pen,illustrator
pencil	Pencil	design,editor,office	write,writing,editing,sign,signature
pencil-circle	PencilCircle	design,editor,office	write,writing,editing,sign,signature
pencil-line	PencilLine	design,editor,office	write,writing,editing,sign,signature
pencil-ruler	PencilRuler	design,editor,office	drawing,drafting,construction,tools
pencil-simple	PencilSimple	design,editor,office	write,writing,editing,sign,signature
pencil-simple-line	PencilSimpleLine	design,editor,office	write,writing,editing,sign,signature
pencil-simple-slash	PencilSimpleSlash	design,editor,office	read-only,write,writing,editing
pencil-slash	PencilSlash	design,editor,office	read-only,write,writing,editing
pentagon	Pentagon	design	shapes,polygons,5
pentagram	Pentagram	games,design	star,wicca,satan,satanism,religion,spirituality,evil,magic
pepper	Pepper	commerce,nature	food,spicy,chile,vegetable
percent	Percent	development,finance	%,percentage,percentile,ratio,delta,mathematics,arithmetic,calculator
person	Person	map,people	walking,human,woman,man,body,transit,transportation,travel,commuter,user
person-arms-spread	PersonArmsSpread	health,map,people	accessibility,vitruvian,stretch,sports
person-simple	PersonSimple	map,people,health	pedestrian,walking,human,woman,man,body,transit,transportation,travel,commuter,user,exercise
person-simple-bike	PersonSimpleBike	map,people,health	pedestrian,biking,bicycle,human,woman,man,body,sports,exercise
person-simple-circle	PersonSimpleCircle	people	human,accessibility,a11y,vitruvius,vitruvian
person-simple-hike	PersonSimpleHike	nature,health,map,people,	pedestrian,climbing,mountaineering,bouldering
person-simple-run	PersonSimpleRun	map,people,health	pedestrian,running,human,woman,man,body,transit,transportation,travel,commuter,user,exercise
person-simple-ski	PersonSimpleSki	games,health	sports,skiing,winter,mountain
person-simple-snowboard	PersonSimpleSnowboard	games,health	sports,snowboarding,winter,mountain
person-simple-swim	PersonSimpleSwim	map,people,health	pedestrian,swimming,human,woman,man,body,sports,exercise
person-simple-tai-chi	PersonSimpleTaiChi	health,map,people	mindfulness,martial arts,meditation,sports,exercise,yoga
person-simple-throw	PersonSimpleThrow	map,people,health	pedestrian,tennis,human,woman,man,body,sports,exercise
person-simple-walk	PersonSimpleWalk	map,people,health	pedestrian,walking,human,woman,man,body,transit,transportation,travel,commuter,user,exercise
perspective	Perspective	design,editor	3d,skew,warp,trapezoid
phone	Phone	communication,system	calls,telephone,landline,talk
phone-call	PhoneCall	communication,system	calls,calling,ringing,telephone,landline,talk
phone-disconnect	PhoneDisconnect	communication,system	calls,hang up,disconnected,telephone,landline,talk
phone-incoming	PhoneIncoming	communication,system	calls,calling,telephone,landline,talk
phone-list	PhoneList	communication,system	calls,call-center,telephone,landline,talk
phone-outgoing	PhoneOutgoing	communication,system	calls,calling,telephone,landline,talk
phone-pause	PhonePause	communication,system	calls,hold,call-center,telephone,landline,talk
phone-plus	PhonePlus	communication,system	calls,telephone,landline,talk,conference,add
phone-slash	PhoneSlash	communication,system	calls,disabled,disconnected,telephone,landline,talk
phone-transfer	PhoneTransfer	communication,system	calls,call-center,telephone,landline,talk
phone-x	PhoneX	communication,system	calls,missed,errors,telephone,landline,talk
phosphor-logo	PhosphorLogo	brand	logos
pi	Pi	finance,development	π,symbol,mathematics,circle
piano-keys	PianoKeys	media,objects	music,instrument,keyboard
picnic-table	PicnicTable	map,nature	bench,park,outdoors
picture-in-picture	PictureInPicture	media,system	pip,pop-out,minimize,maximize
piggy-bank	PiggyBank	finance,objects	savings,deposit,money,coins
pill	Pill	health	capsule,medicine,rx,pharmacy,pharmacist,pharmaceuticals,prescription,drugs
ping-pong	PingPong	games,health,objects	sports,paddle
pint-glass	PintGlass	commerce,health,objects,	water,beverage,drinks,beverages,food,dining
pinterest-logo	PinterestLogo	brand,communication	logos,vision board,mood board,social media
pinwheel	Pinwheel	games,objects	toys,whirligig
pipe	Pipe	commerce,objects	tube,plumber,plumbing,construction
pipe-wrench	PipeWrench	commerce,objects	plumber,plumbing,tools,construction
pix-logo	PixLogo	commerce,finance	payments,paying,purchase,logos
pizza	Pizza	commerce,map	fast food,party,places,locations,restaurants,food,dining
placeholder	Placeholder	design,editor	empty,notdef,tofu,rectangle slash,missing
planet	Planet	nature	saturn,world,globe,astronomy,space
plant	Plant	commerce,nature	sprout,vegan,farm,farming,garden,gardening
play	Play	media,system	music,audio,resume,start
play-circle	PlayCircle	media,system	music,audio,resume,start,round
play-pause	PlayPause	media,system	music,audio,resume,start,stop
playlist	Playlist	media,system	music,audio,queue
plug	Plug	system,objects	outlet,socket,plugin,integration
plug-charging	PlugCharging	system,objects	outlet,socket,plugin,integration,charge,charging
plugs	Plugs	system,objects	outlet,socket,plugin,integration,disconnected
plugs-connected	PlugsConnected	system,objects	outlet,socket,plugin,integration
plus	Plus	development,finance,system,	addition,sum,mathematics,arithmetic,calculator,+
plus-circle	PlusCircle	development,finance,system,	addition,sum,mathematics,arithmetic,calculator,round,+
plus-minus	PlusMinus	development,finance	plus or minus,plus/minus,add/subtract,addition,sum,subtraction,difference,mathematics,arithmetic,calculator,+,-,±
plus-square	PlusSquare	finance,development,system,	addition,sum,mathematics,arithmetic,calculator,+
poker-chip	PokerChip	games	chips,tokens,cards,gambling,casino
police-car	PoliceCar	map,objects	vehicles,cars,automobiles,law enforcement
polygon	Polygon	design	shapes,drawing
popcorn	Popcorn	map,commerce	food,movies,theater
popsicle	Popsicle	commerce,map	ice cream,dessert,summer,food
potted-plant	PottedPlant	commerce,nature	sprout,vegan,garden,gardening
power	Power	system	charged,charger,charging,on,off,on/off,switch,power switch
prescription	Prescription	health	rx,medicine,drugs,pharmacy,pharmacist,pharmaceuticals,doctor
presentation	Presentation	finance,office	whiteboard,flipchart,charts,statistics,analyze,analysis,meeting
presentation-chart	PresentationChart	finance,office	whiteboard,flipchart,graphs,graphing,charts,statistics,analyze,analysis,meeting
printer	Printer	editor,office	printing
prohibit	Prohibit	map,system	forbidden,prohibited,cancelled,prevent,stop,do not enter
prohibit-inset	ProhibitInset	map,system	forbidden,prohibited,cancelled,prevent,stop,do not enter
projector-screen	ProjectorScreen	finance,media,office	projection,presentation,slideshow,movies,charts,statistics,analyze,analysis
projector-screen-chart	ProjectorScreenChart	finance,office	projection,presentation,slideshow,graphs,graphing,charts,statistics,analyze,analysis
pulse	Pulse	health	activity,heartbeat,medical,ecg,ekg,vitals,monitor,medicine,alias:activity
push-pin	PushPin	office,map,objects	favorites,favorited,pushpin
push-pin-simple	PushPinSimple	office,map,objects	favorites,favorited,pushpin
push-pin-simple-slash	PushPinSimpleSlash	office,map,objects	favorites,favorited,pushpin,disabled
push-pin-slash	PushPinSlash	office,map,objects	favorites,favorited,pushpin,disabled
puzzle-piece	PuzzlePiece	games,development	board game,element,component,extension,plugin
qr-code	QrCode	system	upc,barcode,products,shopping,scanner
question	Question	system	information,help,support,questions
question-mark	QuestionMark	system	?,information,help,support,questions,punctuation,symbol
queue	Queue	media,system	music,audio,playlist
quotes	Quotes	communication,editor,media,	quoations,quotation marks,double-quotes,writing,books
rabbit	Rabbit	nature	hare,fast,animal
racquet	Racquet	games,health,objects	sports,tennis,squash,pickleball
radical	Radical	development,finance	√,radix,radicand,square root,squareroot,mathematics,arithmetic,calculator
radio	Radio	communication,media,objects,	broadcast,fm,am,xm,transmitter,receiver
radio-button	RadioButton	system	input,checkbox,checked
radioactive	Radioactive	nature,health	radiation,danger,warning,nuclear,atomic
rainbow	Rainbow	weather	meteorology,rainstorm,arc,pride,lgbtq+,leprechaun
rainbow-cloud	RainbowCloud	weather	meteorology,rainstorm,cloudy,partly cloudy,partly sunny,pride,lgbtq+,leprechaun
ranking	Ranking	games,objects	medal,rank,leaderboard,winner,sports
read-cv-logo	ReadCvLogo	brand	resume,jobs,logos
receipt	Receipt	commerce,finance	purchase,money,clipping,expense
receipt-x	ReceiptX	commerce,finance	purchase,money,clipping,expense,cancel
record	Record	media,system	music,audio,recording,recorder,voice memo
rectangle	Rectangle	design	4,shapes,polygons,box
rectangle-dashed	RectangleDashed	design	4,shapes,polygons,box,missing
recycle	Recycle	arrows,nature	recycling,trash,environmental,green
reddit-logo	RedditLogo	brand,communication	logos,subreddit,snoo,social media
repeat	Repeat	media,system	music,audio,recycle
repeat-once	RepeatOnce	media,system	music,audio,recycle
replit-logo	ReplitLogo	brand,development	logos,ide,editor,coding
resize	Resize	design,editor	maximize,expand,grow
rewind	Rewind	media,system	music,audio,seek,scrub,scan,skip,back,backwards,reverse
rewind-circle	RewindCircle	media,system	music,audio,seek,scrub,scan,skip,back,backwards,reverse
road-horizon	RoadHorizon	map	trip,drive,road,travel,transportation,highway
robot	Robot	development,objects	automaton,artificial intelligence,ai
rocket	Rocket	development,map,objects,	spaceship,launch,deployment,rocketship
rocket-launch	RocketLaunch	development,map,objects,	spaceship,flying,blastoff,deployment,rocketship
rows	Rows	design	2,shapes,polygons,box,stack,list,table,cards
rows-plus-bottom	RowsPlusBottom	design	2,shapes,polygons,box,stack,list,table,cards,prepend,insert
rows-plus-top	RowsPlusTop	design	2,shapes,polygons,box,stack,list,table,cards,prepend,insert
rss	Rss	communication	radio,broadcast,web feed,news,aggregator
rss-simple	RssSimple	communication	radio,broadcast,web feed,news,aggregator
rug	Rug	objects	tapestry,carpet
ruler	Ruler	design,editor,objects,	measure,scale,distance
sailboat	Sailboat	map,objects	sailing,ship,vehicles,transportation,sports,places,locations
scales	Scales	commerce,map,objects	measure,balance,law,justice,government
scan	Scan	system	upc,barcode,products,shopping,scanner
scan-smiley	ScanSmiley	system,people	facial recognition,face unlock,scanner
scissors	Scissors	design,editor,office,system,	cut,snip,clipboard
scooter	Scooter	map,health	vehicles,transportation,travel,transit
screencast	Screencast	media,system	apple,airplay,screencasting,screen share,television,tv
screwdriver	Screwdriver	commerce,objects	tools,construction,flathead,drill
scribble	Scribble	design	doodles,squiggle,drawing,sign,signature
scribble-loop	ScribbleLoop	design	doodles,drawing,sign,signature
scroll	Scroll	games,objects	parchment,paper,script,spell,fantasy
seal	Seal	design	badge,verified,verification,shapes,polygons,circle-wavy,alias:circle-wavy
seal-check	SealCheck	design	badge,verified,verification,shapes,polygons,circle-wavy,alias:circle-wavy-check
seal-percent	SealPercent	design	badge,discount,sale,shapes,polygons,circle-wavy
seal-question	SealQuestion	design	badge,unverified,verification,shapes,polygons,circle-wavy,alias:circle-wavy-question
seal-warning	SealWarning	design	badge,unverified,verification,errors,shapes,polygons,circle-wavy,alias:circle-wavy-warning
seat	Seat	map,objects	chair,car seat,airplane seat,transit,transportation,traveling
seatbelt	Seatbelt	commerce,objects	vehicles,safety
security-camera	SecurityCamera	objects,system	cctv,surveillance,video,monitor,motion detector,safety
selection	Selection	design,editor	marquis,select,square dashed
selection-all	SelectionAll	design,editor	marquis,select all
selection-background	SelectionBackground	design,editor	marquis
selection-foreground	SelectionForeground	design,editor	marquis
selection-inverse	SelectionInverse	design,editor	marquis,invert
selection-plus	SelectionPlus	design,editor	marquis,add
selection-slash	SelectionSlash	design,editor	marquis,unselect
shapes	Shapes	design	geometry,square,circle,triangle
share	Share	communication,system	send to,export,arrows
share-fat	ShareFat	arrows,system,communication,	export,send to
share-network	ShareNetwork	communication,system	send to,export
shield	Shield	system,objects	badge,security,secured,defense,defended,authentication,authenticated,guarded,locked,encrypted,encryption
shield-check	ShieldCheck	system,objects	badge,security,defense,authentication,authenticated,guarded,locked,encrypted,encryption
shield-checkered	ShieldCheckered	system,objects	badge,security,defense,authentication,authenticated,guarded,locked,encrypted,encryption
shield-chevron	ShieldChevron	system,objects	badge,security,defense,authentication,authenticated,guarded,locked,encrypted,encryption
shield-plus	ShieldPlus	system,objects	badge,security,defense,authentication,authenticated,guarded,locked,encrypted,encryption
shield-slash	ShieldSlash	system,objects	badge,security,unsecured,defense,undefended,authentication,unauthenticated,unguarded,unlocked,unencrypted,encryption,disabled
shield-star	ShieldStar	objects,system	badge,security,defense,authentication,authenticated,guarded,locked,encrypted,encryption
shield-warning	ShieldWarning	system,objects	badge,security,unsecured,defense,undefended,authentication,unauthenticated,unguarded,unlocked,unencrypted,encryption,errors
shipping-container	ShippingContainer	map,objects,commerce	shipping,transportation,places,locations
shirt-folded	ShirtFolded	commerce,objects	clothes,clothing
shooting-star	ShootingStar	nature	wish,comet,meteor
shopping-bag	ShoppingBag	commerce,map,objects	ecommerce,market,basket,cart,buying,checkout,places,locations
shopping-bag-open	ShoppingBagOpen	commerce,map,objects	ecommerce,market,basket,cart,buying,checkout,places,locations
shopping-cart	ShoppingCart	commerce,map,objects	ecommerce,market,basket,buying,groceries,checkout,places,locations
shopping-cart-simple	ShoppingCartSimple	commerce,map,objects	ecommerce,market,basket,buying,groceries,checkout,places,locations
shovel	Shovel	commerce,objects	tools,digging,construction
shower	Shower	objects	bath,bathtub,bathroom,faucet
shrimp	Shrimp	commerce,nature	food,seafood,prawn
shuffle	Shuffle	media,arrows,system	music,audio,randomize,crossed
shuffle-angular	ShuffleAngular	media,arrows,system	music,audio,randomize,crossed
shuffle-simple	ShuffleSimple	media,arrows,system	music,audio,randomize,crossed
sidebar	Sidebar	design,editor	left rail,wireframe,ui,interface
sidebar-simple	SidebarSimple	design,editor	left rail,wireframe,ui,interface
sigma	Sigma	finance,development	σ,symbol,mathematics,sum
sign-in	SignIn	system	signin,login,log in,enter
sign-out	SignOut	system	signout,logout,log out,exit
signature	Signature	communication,office	sign,autograph,verify
signpost	Signpost	map	direction,traffic,road sign,transit,transportation
sim-card	SimCard	communication,system	cellular,cellphone,mobile
siren	Siren	objects,map	alarm,police,lights,warning
sketch-logo	SketchLogo	design	drawing,art,illustration,ui,interface,prototype,prototyping,gemstone,diamond
skip-back	SkipBack	media,system	music,audio,seek,scrub,scan,back,backwards,reverse,previous
skip-back-circle	SkipBackCircle	media,system	music,audio,seek,scrub,scan,back,backwards,reverse,previous
skip-forward	SkipForward	media,system	music,audio,seek,scrub,scan,ahead,next
skip-forward-circle	SkipForwardCircle	media,system	music,audio,seek,scrub,scan,ahead,next
skull	Skull	games	death,dead,kill
skype-logo	SkypeLogo	brand,communication	chat,video conference
slack-logo	SlackLogo	brand,communication	logos,messaging
sliders	Sliders	media,system	music,audio,faders,filters,equalizer,volume,settings,preferences
sliders-horizontal	SlidersHorizontal	media,system	music,audio,faders,filters,equalizer,volume,settings,preferences
slideshow	Slideshow	media,system	pictures,images,photography,gallery,carousel
smiley	Smiley	communication,people	face,emoji,happy,grinning,smiling
smiley-angry	SmileyAngry	communication,people	face,emoji,mad,frown
smiley-blank	SmileyBlank	communication,people	face,emoji,unimpressed,no face
smiley-meh	SmileyMeh	communication,people	face,emoji,unimpressed,neutral
smiley-melting	SmileyMelting	communication,people	face,emoji,embarrassment,sarcasm,shame,hot,heat
smiley-nervous	SmileyNervous	communication,people	face,emoji,anxious,uncomfortable,uneasy,queasy,sick,ill
smiley-sad	SmileySad	communication,people	face,emoji,unhappy,frowning
smiley-sticker	SmileySticker	communication,people	face,emoji,happy,grinning,smiling
smiley-wink	SmileyWink	communication,people	face,emoji,winking,flirting,cute
smiley-x-eyes	SmileyXEyes	communication,people	face,emoji,dead,killed,unconscious
snapchat-logo	SnapchatLogo	brand,communication	logos,messaging,social media
sneaker	Sneaker	commerce,objects,health,	clothes,clothing,shoes,trainers,sports
sneaker-move	SneakerMove	commerce,objects,health,	clothes,clothing,shoes,trainers,sports
snowflake	Snowflake	weather	meteorology,snowy,snowing,snowstorm
soccer-ball	SoccerBall	games,health,objects	sports,football,mls
sock	Sock	commerce,objects	clothes,clothing
solar-panel	SolarPanel	commerce,objects	renewable,energy,power,electricity
solar-roof	SolarRoof	commerce,objects	renewable,energy,power,electricity
sort-ascending	SortAscending	editor	sorted,sorting,increasing,a to z,arrows,list
sort-descending	SortDescending	editor	sorted,sorting,decreasing,z to a,arrows,list
soundcloud-logo	SoundcloudLogo	brand,media	music,social media,logos
spade	Spade	games	spades,suits,cards,gambling,casino,gaming
sparkle	Sparkle	communication,nature	star,rate,ratings,favorites,favorited
speaker-hifi	SpeakerHifi	media,objects	music,audio,sound,stereo
speaker-high	SpeakerHigh	media,system	music,audio,volume,sound
speaker-low	SpeakerLow	media,system	music,audio,volume,sound
speaker-none	SpeakerNone	media,system	music,audio,muted,volume,sound
speaker-simple-high	SpeakerSimpleHigh	media,system	music,audio,volume,sound
speaker-simple-low	SpeakerSimpleLow	media,system	music,audio,volume,sound
speaker-simple-none	SpeakerSimpleNone	media,system	music,audio,muted,volume,sound
speaker-simple-slash	SpeakerSimpleSlash	media,system	music,audio,muted,volume,sound,disabled
speaker-simple-x	SpeakerSimpleX	media,system	music,audio,muted,volume,sound,disabled,errors
speaker-slash	SpeakerSlash	media,system	music,audio,muted,volume,sound,disabled
speaker-x	SpeakerX	media,system	music,audio,muted,volume,sound,disabled,errors
speedometer	Speedometer	development,objects,system,	gauge,dashboard,meter,speed,odometer,performance
sphere	Sphere	design	circle,ball,3d,mesh,cad,model
spinner	Spinner	system	loading,loader,waiting,progress
spinner-ball	SpinnerBall	system	loading,loader,waiting,progress
spinner-gap	SpinnerGap	system	loading,loader,waiting,progress
spiral	Spiral	communication,design	spin,rotate,dizzy
split-horizontal	SplitHorizontal	arrows,design,editor	resize,columns
split-vertical	SplitVertical	arrows,design,editor	resize,rows
spotify-logo	SpotifyLogo	brand,media	music,player,streaming
spray-bottle	SprayBottle	objects,health	cleaner,cleaning
square	Square	design	4,shapes,polygons,box
square-half	SquareHalf	design	4,shapes,polygons,box,columns,sidebar,split vertical
square-half-bottom	SquareHalfBottom	design	4,shapes,polygons,box,columns,sidebar,split vertical
square-logo	SquareLogo	brand,commerce,finance,	squareup,payment
square-split-horizontal	SquareSplitHorizontal	design,editor	shapes,polygons,columns
square-split-vertical	SquareSplitVertical	design,editor	shapes,polygons,rows
squares-four	SquaresFour	design,system	4,shapes,polygons,apps,applications,grid,table,microsoft,logos
stack	Stack	design,office,editor	cards,layers
stack-minus	StackMinus	design,office,editor	cards,layers,remove,delete
stack-overflow-logo	StackOverflowLogo	brand,development	logos,code
stack-plus	StackPlus	design,office,editor	cards,layers,add
stack-simple	StackSimple	design,office,editor	cards,layers
stairs	Stairs	commerce,objects	staircase,steps,escalator,exit,signs
stamp	Stamp	design,objects	clone,seal,official
standard-definition	StandardDefinition	media	sd,resolution,video
star	Star	communication,map,nature,	rate,ratings,favorites,favorited
star-and-crescent	StarAndCrescent	communication,people	islam,muslim,moon,religion,worship,symbol
star-four	StarFour	communication,nature	rate,ratings,favorites,favorited
star-half	StarHalf	communication	rate,ratings
star-of-david	StarOfDavid	communication,people	judaism,jewish,hexagram,religion,worship,symbol
steam-logo	SteamLogo	brand,games	gaming,games
steering-wheel	SteeringWheel	map,objects	cars,vehicles,automobiles,driving
steps	Steps	commerce,objects	stairs,staircase,exit,signs
stethoscope	Stethoscope	health,objects	hospital,medical,medicine,injury,safety,emergency,doctor,heart
sticker	Sticker	communication	stickers,sticker pack,labels
stool	Stool	objects,commerce	chair,seat,furniture
stop	Stop	media,system	music,audio
stop-circle	StopCircle	media,system	music,audio,round
storefront	Storefront	commerce,map	shops,shopping,markets,stores,buildings,places,locations
strategy	Strategy	games,finance	sports,strategem,plan,tic-tac-toe
stripe-logo	StripeLogo	brand,commerce,finance,	payment
student	Student	people	pupil,graduate,classroom,teacher,education,school,college,university
subset-of	SubsetOf	finance,development	⊆,subset of,set,member,mathematics,arithmetic,calculator
subset-proper-of	SubsetProperOf	finance,development	⊂,proper subset of,set,member,mathematics,arithmetic,calculator
subtitles	Subtitles	media	subtitles,television,tv,transcribed,transcription,accessibility,a11y
subtitles-slash	SubtitlesSlash	media	subtitles,television,tv,transcribed,transcription,accessibility,a11y,disabled
subtract	Subtract	design,editor	boolean,intersection,combine,split,merge,union
subtract-square	SubtractSquare	design,editor	boolean,intersection,combine,split,merge,union
subway	Subway	map,objects	vehicles,underground,train,tunnel,metro,light rail,public transit,transportation,commuter,traveling,places,locations
suitcase	Suitcase	office,objects	briefcase,valise,baggage,folders,portfolio
suitcase-rolling	SuitcaseRolling	map,objects	suitcase,luggage,travel,transportation
suitcase-simple	SuitcaseSimple	office,objects	briefcase,valise,baggage,folders,portfolio
sun	Sun	nature,system,weather,	day,daytime,daylight,clear,sunny,sunshine,light mode,brightness,lighten,brighten
sun-dim	SunDim	nature,system,weather,	day,daytime,daylight,clear,sunny,sunshine,light mode,brightness,darken
sun-horizon	SunHorizon	nature,weather	day,daytime,daylight,clear,sunny,sunshine,sunrise,sunset
sunglasses	Sunglasses	health,objects	vision,sun,spectacles
superset-of	SupersetOf	finance,development	⊇,superset of,set,member,mathematics,arithmetic,calculator
superset-proper-of	SupersetProperOf	finance,development	⊃,proper superset of,set,member,mathematics,arithmetic,calculator
swap	Swap	design,editor	layers,replace,exchange,reverse
swatches	Swatches	design,editor,objects,	colors,color picker,samples,pantone
swimming-pool	SwimmingPool	health,map,games	swim,sports,exercise,olympics,aquatics
sword	Sword	games,objects	weapon,knife,dagger,gladius,video games,rpg,gaming,war
synagogue	Synagogue	map	jewish,judaism,temple,religion,worship
syringe	Syringe	health	needle,hypodermic,vaccine,medicine,doctor,shot,hospital
t-shirt	TShirt	objects,commerce	clothes,clothing
table	Table	finance,office,editor,	tables,tabular,spreadsheets,excel,grid,form
tabs	Tabs	system	browser,window,folders,files
tag	Tag	commerce,development,objects,	tags,hashtag,labels,sale,sell,price,discount
tag-chevron	TagChevron	commerce,development,objects,	tags,hashtag,labels,sale
tag-simple	TagSimple	commerce,development,objects,	tags,hashtag,labels,sale,sell,price,discount
target	Target	map,objects	bullseye,radar,archery,accuracy,precision
taxi	Taxi	map,objects	vehicles,cars,automobiles,livery,limousine,uber
tea-bag	TeaBag	commerce,map,objects	drinks,beverages,sachet,caffeine,places,locations,bars,restaurants,food,dining
telegram-logo	TelegramLogo	brand,communication	logos,messages,messaging
television	Television	system,objects	screen,tv,displays
television-simple	TelevisionSimple	system,objects	screen,tv,displays
tennis-ball	TennisBall	games,health,objects	sports,mlb
tent	Tent	health,objects,nature,map,	camping,outdoors,tarp
terminal	Terminal	development,system	command line,cli,bash,shell,caret,console
terminal-window	TerminalWindow	development,system	command line,cli,bash,shell,caret,console
test-tube	TestTube	development,nature,health,objects,	science,chemistry,experiment,vial
text-a-underline	TextAUnderline	design,editor	typography,typeface,print,font,underscore,emphasis
text-aa	TextAa	design,editor	typography,typeface,print,font
text-align-center	TextAlignCenter	design,editor	typography,print,font,alignment,centered
text-align-justify	TextAlignJustify	design,editor	typography,print,font,alignment,justified
text-align-left	TextAlignLeft	design,editor	typography,print,font,alignment,flush left
text-align-right	TextAlignRight	design,editor	typography,print,font,alignment,flush right
text-b	TextB	design,editor	typography,typeface,print,font,bold,boldface,emphasis,alias:text-bolder
text-columns	TextColumns	design,editor	typography,print,font,alignment,article
text-h	TextH	design,editor	heading,typography,print
text-h-five	TextHFive	design,editor	heading,h5,typography,print
text-h-four	TextHFour	design,editor	heading,h4,typography,print
text-h-one	TextHOne	design,editor	heading,h1,typography,print
text-h-six	TextHSix	design,editor	heading,h6,typography,print
text-h-three	TextHThree	design,editor	heading,h3,typography,print
text-h-two	TextHTwo	design,editor	heading,h2,typography,print
text-indent	TextIndent	design,editor	alignment,tab,menu
text-italic	TextItalic	design,editor	typography,typeface,print,font,slant,oblique,stress,emphasis,calligraphy
text-outdent	TextOutdent	design,editor	alignment,tab,unindent,dedent,menu
text-strikethrough	TextStrikethrough	design,editor	typography,typeface,print,font,struck,remove,delete,change
text-subscript	TextSubscript	design,editor,finance,	typography,font,formatting,mathematics,power,exponent,calculator
text-superscript	TextSuperscript	design,editor,finance,	typography,font,formatting,mathematics,calculator
text-t	TextT	design,editor	typography,typeface,print,font
text-t-slash	TextTSlash	design,editor	typography,typeface,print,font,formatting,clear
text-underline	TextUnderline	design,editor	typography,typeface,print,font,underscore,emphasis
textbox	Textbox	editor,system	input,cursor,field
thermometer	Thermometer	weather,health,objects,	meteorology,temperature,degrees,°,celcius,centigrade,kelvin,fahrenheit,hot,warm,cold
thermometer-cold	ThermometerCold	weather,health,objects,	meteorology,temperature,degrees,°,celcius,centigrade,kelvin,fahrenheit
thermometer-hot	ThermometerHot	weather,health,objects,	meteorology,temperature,degrees,°,celcius,centigrade,kelvin,fahrenheit,warm
thermometer-simple	ThermometerSimple	weather,health,objects,	meteorology,temperature,degrees,°,celcius,centigrade,kelvin,fahrenheit,hot,warm,cold
threads-logo	ThreadsLogo	brand,communication	meta,instagram,social media
three-d	ThreeD	media,development	3d,cad,model
thumbs-down	ThumbsDown	communication,people	dislike,hate,emoji,no
thumbs-up	ThumbsUp	communication,people	like,love,favorited,favorites,emoji,yes
ticket	Ticket	commerce,map,objects	ticketstub,movie ticket,entry,admissions,events
tidal-logo	TidalLogo	brand,media	music,logos
tiktok-logo	TiktokLogo	brand,communication	logos,social media
tilde	Tilde	finance,development	~,∼,proportional,comparison,mathematics,arithmetic,calculator
timer	Timer	system,objects	clock,alarm,schedule,events,stopwatch,sports
tip-jar	TipJar	commerce,finance,objects,	give,deposit,donation,savings,money
tipi	Tipi	nature,objects,map	teepee,lodge,tent,outdoors,camping,tarp
tire	Tire	commerce,objects	wheel,vehicles,transportation
toggle-left	ToggleLeft	system	switch,controls,settings,preferences
toggle-right	ToggleRight	system	switch,controls,settings,preferences
toilet	Toilet	health,objects	bathroom,restroom,lavatory,water closet
toilet-paper	ToiletPaper	health,objects	bathroom,restroom,lavatory,water closet
toolbox	Toolbox	objects,system,commerce,	tools,carpentry,construction
tooth	Tooth	health	teeth,dentistry,medical,medicine,doctor,cavity
tornado	Tornado	weather	meteorology,twister,storm,wind,disaster
tote	Tote	commerce,objects	suitcases,valises,baggage,tote-bag,portfolios
tote-simple	ToteSimple	commerce,objects	suitcases,valises,baggage,tote-bag,portfolios
towel	Towel	commerce,objects	clothing,linen,hotel,beach,pool,swimming,shower,bath
tractor	Tractor	commerce,objects	vehicles,farmer,field,farming,agriculture
trademark	Trademark	commerce	tm,®,™,intellectual property
trademark-registered	TrademarkRegistered	commerce	®,™,intellectual property
traffic-cone	TrafficCone	map	pylon,safety,transit,transportation
traffic-sign	TrafficSign	map	road signs,transit,transportation
traffic-signal	TrafficSignal	map	stop light,safety,transit,transportation
train	Train	map,objects	vehicles,subway,light rail,public transit,transportation,commuter,traveling,places,locations
train-regional	TrainRegional	map,objects	vehicles,subway,railroad,public transit,transportation,commuter,freight,shipping,traveling,places,locations
train-simple	TrainSimple	map,objects	vehicles,subway,light rail,public transit,transportation,commuter,traveling,places,locations
tram	Tram	map,objects	vehicles,subway,railroad,public transit,transportation,commuter,light rail,shipping,traveling,places,locations
translate	Translate	communication,system	translation,languages,internationalization,i18n,speech
trash	Trash	office,system	garbage,remove,delete,destroy,recycle,recycling
trash-simple	TrashSimple	office,system	garbage,remove,delete,destroy,recycle,recycling
tray	Tray	office,communication,system,	inbox,mailbox,bin
tray-arrow-down	TrayArrowDown	office,system	inbox,saved,saving,archived,archiving,archival,downloaded,downloading,alias:archive-tray
tray-arrow-up	TrayArrowUp	office,system	outbox,archival,unarchive,uploaded,uploading
treasure-chest	TreasureChest	games,objects	loot,lootbox,inventory,rewards,gaming,pirate
tree	Tree	nature	plants,branches,leaves,green,environmental
tree-evergreen	TreeEvergreen	nature	plants,branches,leaves,pine,conifer,green,environmental
tree-palm	TreePalm	nature	tropical,beach,plants,branches,leaves,green,environmental
tree-structure	TreeStructure	development,office	data structures,family tree,genealogy,hierarchy,taxonomy,charts,flowchart
tree-view	TreeView	system	hierarchy
trend-down	TrendDown	finance,office	graphs,graphing,charts,statistics,analyze,analysis,decrease,arrows
trend-up	TrendUp	finance,office	graphs,graphing,charts,statistics,analyze,analysis,increase,arrows
triangle	Triangle	design	3,shapes,polygons
triangle-dashed	TriangleDashed	design	3,shapes,polygons,missing
trolley	Trolley	office,objects	airport,briefcase,valise,baggage
trolley-suitcase	TrolleySuitcase	office,objects	airport,briefcase,valise,baggage
trophy	Trophy	games,objects	ribbons,medals,winning,victory,awards,prize
truck	Truck	commerce,map,objects	trucks,cars,vehicles,automobile,shipping,delivery
truck-trailer	TruckTrailer	commerce,map,objects	vehicles,automobile,shipping,tractor,semi
tumblr-logo	TumblrLogo	brand,communication	social media,logos
twitch-logo	TwitchLogo	brand,communication,games,	logos,streaming,livestream,gaming,video games,social media
twitter-logo	TwitterLogo	brand,communication	logos,social media,tweets,birds
umbrella	Umbrella	objects,weather	raining,rainy,insurance
umbrella-simple	UmbrellaSimple	objects,weather	raining,rainy,insurance
union	Union	finance,development	∪,union,set,member,mathematics,arithmetic,calculator
unite	Unite	design,editor	round,join,union,merge,combine,intersecting,intersection
unite-square	UniteSquare	design,editor	join,union,merge,combine,intersecting,intersection
upload	Upload	system	saved,saving,archived,archiving,archival,uploaded,uploading,hard drive,disk
upload-simple	UploadSimple	system	saved,saving,archived,archiving,archival,uploaded,uploading,hard drive,disk
usb	Usb	objects,system	serial,port,plug,peripheral,device
user	User	people	person,users,profile,account,contact,login
user-check	UserCheck	people	person,users,profile,account,contact,login,verified
user-circle	UserCircle	people	person,users,profile,account,contact,login
user-circle-check	UserCircleCheck	people	person,users,profile,account,contact,login,verified
user-circle-dashed	UserCircleDashed	people	person,users,profile,account,contact,login,pending,missing,removed
user-circle-gear	UserCircleGear	people	person,users,profile,account,contact,settings,preferences
user-circle-minus	UserCircleMinus	people	person,users,profile,account,contact,delete,remove,-
user-circle-plus	UserCirclePlus	people	person,users,profile,account,contact,add,create,+
user-focus	UserFocus	people	identification,biometrics,facial recognition,profile,person,account,autofocus
user-gear	UserGear	people	person,users,profile,account,contact,settings,preferences
user-list	UserList	people	person,users,profiles,accounts,members,address book
user-minus	UserMinus	people	person,users,profile,account,contact,delete,remove,-
user-plus	UserPlus	people	person,users,profile,account,contact,add,create,+
user-rectangle	UserRectangle	people	person,users,profile,account,contact,login
user-sound	UserSound	people	person,users,profile,speech,speaking,voice
user-square	UserSquare	people	person,users,profile,account,contact,login
user-switch	UserSwitch	people	person,users,profile,account,login,logout,signin,signout,settings,preferences
users	Users	people	user,group,team,people,profiles,accounts,contacts
users-four	UsersFour	people	user,group,team,department,community,people,profiles,accounts,contacts
users-three	UsersThree	people	user,group,team,community,people,profiles,accounts,contacts
van	Van	map,objects	westfalia,microbus,vanagon,cars,vehicles,automobile,transit,transportation,traveling
vault	Vault	objects,system,finance,	safe,bank,security,secured,authentication,authenticated,locked,encrypted,encryption
vector-three	VectorThree	arrows,development,design,	3d,xyz,cartesian,coordinates,plane,volume,dimensions,mathematics
vector-two	VectorTwo	arrows,development,design,	2d,xy,cartesian,coordinates,plane,dimensions,mathematics
vibrate	Vibrate	system	audio,volume,viration,ringer,calls,silent,silenced
video	Video	people	training,course,education,tutorial
video-camera	VideoCamera	media,system,objects	videography,films,movies,recording
video-camera-slash	VideoCameraSlash	media,system	videography,films,movies,recording,disabled
video-conference	VideoConference	media,system,communication,	video call,zoom,skype,discord,facetime,meeting
vignette	Vignette	design	photography,darkroom,movie,analog
vinyl-record	VinylRecord	media,office	recording,audio,album,music,ep,lp
virtual-reality	VirtualReality	games,media	virtual reality,vr,headset,metaverse
virus	Virus	health	germs,disease,illness
visor	Visor	development,media,objects,	goggles,vision
voicemail	Voicemail	system	phonecalls,missed,recording,telephone,landline
volleyball	Volleyball	games,health,objects	sports
wall	Wall	objects,system	firewall,security,secured,blocks,bricks
wallet	Wallet	commerce,finance,objects,	money,payment,paying,purchase
warehouse	Warehouse	commerce,map	storage,industry,manufacture,buildings,places,locations
warning	Warning	system	alert,danger,dangerous,caution,errors
warning-circle	WarningCircle	system	alert,danger,dangerous,caution,errors,round
warning-diamond	WarningDiamond	system	alert,danger,dangerous,caution,errors
warning-octagon	WarningOctagon	system	alert,danger,dangerous,caution,errors,8,eight
washing-machine	WashingMachine	commerce,map,objects	clothing,laundry,cleaning
watch	Watch	system,objects	times,timer,alarm,schedule,events,clock,wristwatch,wearable
wave-sawtooth	WaveSawtooth	media	synth,synthesizer,sound,audio,music,waveform
wave-sine	WaveSine	media	synth,synthesizer,sound,audio,music,waveform
wave-square	WaveSquare	media	synth,synthesizer,sound,audio,music,waveform
wave-triangle	WaveTriangle	media	synth,synthesizer,sound,audio,music,waveform
waveform	Waveform	media	audio,sound,spectrum,spectrograph,music
waveform-slash	WaveformSlash	media	audio,sound,spectrum,spectrograph,music
waves	Waves	nature,weather	ocean,tides,surf
webcam	Webcam	objects,system,communication,	camera,video conference
webcam-slash	WebcamSlash	communication,objects,system,	camera,video conference
webhooks-logo	WebhooksLogo	development,brand	api
wechat-logo	WechatLogo	brand	weixin,logos
whatsapp-logo	WhatsappLogo	brand,communication	logos,messages,messaging
wheelchair	Wheelchair	health,map,people	handicapped,medical,disabled,differently abled,accessible,accessibility,a11y
wheelchair-motion	WheelchairMotion	health,map,people	handicapped,medical,disabled,differently abled,accessible,accessibility,a11y
wifi-high	WifiHigh	system	wireless,internet,network,connection,connectivity
wifi-low	WifiLow	system	wireless,internet,network,connection,connectivity
wifi-medium	WifiMedium	system	wireless,internet,network,connection,connectivity
wifi-none	WifiNone	system	wireless,internet,network,connection,connectivity
wifi-slash	WifiSlash	system	wireless,internet,network,connection,connectivity,disabled,disconnected
wifi-x	WifiX	system	wireless,internet,network,connection,connectivity,disconnected,errors
wind	Wind	weather	meteorology,windy,stormy,blustery,gusty,air
windmill	Windmill	commerce	turbine,energy,renewable,sustainability,countryside,landscape,green,power,buildings
windows-logo	WindowsLogo	brand,development	microsoft,computers
wine	Wine	commerce,map,objects	drinks,beverages,vineyard,places,locations,bars,restaurants,food,dining
wrench	Wrench	system,objects,commerce,	settings,setup,preferences,tools,machinery,mechanical,repairs
x	X	development,finance,system,	×,closed,cancelled,dismissed,times,multiply,mulitplication,product,mathematics,arithmetic,calculator
x-circle	XCircle	system	closed,cancelled,dismissed,round
x-logo	XLogo	brand,communication	twitter,logos,social media,tweets
x-square	XSquare	system	closed,cancelled,dismissed
yarn	Yarn	games,commerce	knitting,sewing
yin-yang	YinYang	communication	symbol,good,evil,black,white
youtube-logo	YoutubeLogo	brand,communication,media,	logos,google,videos,movies,social media
